ParkID,ParkName,Category,ItemName,Price,RawText
park-1175,유토피아추모공원(자연장지),기본비용,사용료 (공동형)(일반목),2000000,
park-1175,유토피아추모공원(자연장지),기본비용,사용료 (공동형)(소나무),3000000,
park-1175,유토피아추모공원(자연장지),기본비용,사용료 (개인형)(1인-일반목),4000000,
park-1175,유토피아추모공원(자연장지),기본비용,사용료 (개인형)(1인-반송),5500000,
park-1175,유토피아추모공원(자연장지),기본비용,사용료 (개인형)(1인-소나무),7000000,
park-1175,유토피아추모공원(자연장지),기본비용,사용료 (부부형)(2인-일반목),7000000,
park-1175,유토피아추모공원(자연장지),기본비용,사용료 (부부형)(2인-반송),9000000,
park-1175,유토피아추모공원(자연장지),기본비용,사용료 (부부형)(2인-소나무),11000000,
park-1175,유토피아추모공원(자연장지),기본비용,사용료 (가족형)(4인-일반목),10000000,
park-1175,유토피아추모공원(자연장지),기본비용,사용료 (가족형)(4인-반송),15000000,
park-1175,유토피아추모공원(자연장지),기본비용,사용료 (가족형)(4인-소나무),18000000,
park-1175,유토피아추모공원(자연장지),기본비용,사용료 (대가족형)(8인-일반목),16000000,
park-1175,유토피아추모공원(자연장지),기본비용,사용료 (대가족형)(8인-반송),24000000,
park-1175,유토피아추모공원(자연장지),기본비용,사용료 (대가족형)(8인-소나무),30000000,
park-1175,유토피아추모공원(자연장지),기본비용,"사용료 (명품가족형)(6인-육송,위치A)",36000000,
park-1175,유토피아추모공원(자연장지),기본비용,"사용료 (명품가족형)(6인-육송,위치B)",42000000,
park-1175,유토피아추모공원(자연장지),기본비용,사용료 (공동형),3000000,
park-1175,유토피아추모공원(자연장지),기본비용,사용료 (가족)-묘비형,30000000,
park-1175,유토피아추모공원(자연장지),기본비용,사용료 (유택동산)(위치A),1500000,
park-1175,유토피아추모공원(자연장지),기본비용,사용료 (유택동산)(위치B),2000000,
park-1175,유토피아추모공원(자연장지),관리비,관리비공동형 (일반목)/5년선납,40000,
park-1175,유토피아추모공원(자연장지),관리비,관리비공동형 (소나무)/5년선납,50000,
park-1175,유토피아추모공원(자연장지),관리비,관리비개인형 (1인-일반목)/5년선납,60000,
park-1175,유토피아추모공원(자연장지),관리비,관리비개인형 (1인-반송)/5년선납,70000,
park-1175,유토피아추모공원(자연장지),관리비,관리비개인형 (1인-소나무)/5년선납,80000,
park-1175,유토피아추모공원(자연장지),관리비,관리비부부형 (2인-일반목)/5년선납,90000,
park-1175,유토피아추모공원(자연장지),관리비,관리비부부형 (2인-반송)/5년선납,100000,
park-1175,유토피아추모공원(자연장지),관리비,관리비부부형 (2인-소나무)/5년선납,110000,
park-1175,유토피아추모공원(자연장지),관리비,관리비가족형 (4인-일반목)/5년선납,130000,
park-1175,유토피아추모공원(자연장지),관리비,관리비가족형 (4인-반송)/5년선납,140000,
park-1175,유토피아추모공원(자연장지),관리비,관리비가족형 (4인-소나무)/5년선납,150000,
park-1175,유토피아추모공원(자연장지),관리비,관리비대가족형 (8인-일반목)/5년선납,170000,
park-1175,유토피아추모공원(자연장지),관리비,관리비대가족형 (8인-반송)-5년선납,180000,
park-1175,유토피아추모공원(자연장지),관리비,관리비대가족형 (8인-소나무)/5년선납,190000,
park-1175,유토피아추모공원(자연장지),관리비,관리비명품가족형 (6인)/5년선납,280000,
park-1175,유토피아추모공원(자연장지),관리비,관리비공동형/5년선납,30000,
park-1175,유토피아추모공원(자연장지),관리비,관리비가족-묘비형/5년선납,200000,
park-1175,유토피아추모공원(자연장지),작업비,"안치작업비안치 및 이전,반환작업시",400000,
park-1175,유토피아추모공원(자연장지),부대비용,명패10년 시한제 부착,500000,
park-1175,유토피아추모공원(자연장지),자연장,예식실 대여료1회사용 (30분),30000,
park-1175,유토피아추모공원(자연장지),자연장,"한국장례문화진흥원 [04552] 서울특별시 중구 수표로 23 인농빌딩 7층, TEL : 1577-4129, FAX : 02-6919-",1475,
park-1176,함안하늘공원(자연장지),기본비용,일반 (관내)잔디형 사용료/30년 (연장불가)/1기당,300000,
park-1176,함안하늘공원(자연장지),기본비용,일반 (관외)잔디형 사용료/30년 (연장불가)/1기당,600000,
park-1176,함안하늘공원(자연장지),기본비용,일반 (관내)수목형 사용료/30년 (연장불가)/1기당,350000,
park-1176,함안하늘공원(자연장지),기본비용,일반 (관외)수목형 사용료/30년 (연장불가)/1기당,900000,
park-1176,함안하늘공원(자연장지),관리비,일반 (관내)잔디형 관리비/30년 (연장불가)/1기당,100000,
park-1176,함안하늘공원(자연장지),관리비,일반 (관외)잔디형 관리비/30년 (연장불가)/1기당,300000,
park-1176,함안하늘공원(자연장지),관리비,일반 (관내)수목형 관리비/30년 (연장불가)/1기당,100000,
park-1176,함안하늘공원(자연장지),관리비,일반 (관외)수목형 관리비/30년 (연장불가)/1기당,300000,
park-1176,함안하늘공원(자연장지),관리비,일반-국가보훈대상자 (관내)잔디형 관리비/30년 (연장불가)/1기당,100000,
park-1176,함안하늘공원(자연장지),관리비,일반-국가보훈대상자 (관외)잔디형 관리비/30년 (연장불가)/1기당,300000,
park-1176,함안하늘공원(자연장지),관리비,일반-국가보훈대상자 (관내)수목형 관리비/30년 (연장불가)/1기당,100000,
park-1176,함안하늘공원(자연장지),관리비,일반-국가보훈대상자 (관외)수목형 관리비/30년 (연장불가)/1기당,300000,
park-1176,함안하늘공원(자연장지),관리비,일반-기초생활수급자 (관내)잔디형 관리비/30년 (연장불가)/1기당,100000,
park-1176,함안하늘공원(자연장지),관리비,일반-기초생활수급자 (관외)잔디형 관리비/30년 (연장불가)/1기당,300000,
park-1176,함안하늘공원(자연장지),관리비,일반-기초생활수급자 (관내)수목형 관리비/30년 (연장불가)/1기당,100000,
park-1176,함안하늘공원(자연장지),관리비,일반-기초생활수급자 (관외)수목형 관리비/30년 (연장불가)/1기당,300000,
park-1176,함안하늘공원(자연장지),관리비,일반-함안군의로운군민의사상자 (관내)잔디형 관리비/30년 (연장불가)/1기당,100000,
park-1176,함안하늘공원(자연장지),관리비,일반-함안군의로운군민의사상자 (관내)수목형 관리비/30년 (연장불가)/1기당,100000,
park-1176,함안하늘공원(자연장지),자연장,"한국장례문화진흥원 [04552] 서울특별시 중구 수표로 23 인농빌딩 7층, TEL : 1577-4129, FAX : 02-6919-",1475,
park-1177,은하수공원 자연장지,잔디장,잔디/개인장관내,650000,
park-1177,은하수공원 자연장지,작업비,잔디/행복개장관내,500000,
park-1177,은하수공원 자연장지,잔디장,잔디/가족4기관내,2600000,
park-1177,은하수공원 자연장지,잔디장,잔디/가족6기관내,3900000,
park-1177,은하수공원 자연장지,잔디장,잔디/가족8기관내,5200000,
park-1177,은하수공원 자연장지,잔디장,잔디/종중장관내,500000,
park-1177,은하수공원 자연장지,잔디장,잔디/종중장 (관내에 한함)부부합장 (관내에 한함),680000,
park-1177,은하수공원 자연장지,잔디장,잔디/개인장관외,1300000,
park-1177,은하수공원 자연장지,잔디장,잔디/가족4기관외,5200000,
park-1177,은하수공원 자연장지,잔디장,잔디/가족6기관외,7800000,
park-1177,은하수공원 자연장지,잔디장,잔디/가족8기관외,10400000,
park-1177,은하수공원 자연장지,잔디장,잔디/합장료관내,260000,
park-1177,은하수공원 자연장지,잔디장,잔디/합장료관외,520000,
park-1177,은하수공원 자연장지,수목장,도시형수목/공동목관내,930000,
park-1177,은하수공원 자연장지,수목장,도시형수목/가족4위관내,3720000,
park-1177,은하수공원 자연장지,수목장,도시형수목/가족8위관내,7440000,
park-1177,은하수공원 자연장지,수목장,도시형수목/공동목관외,1860000,
park-1177,은하수공원 자연장지,수목장,도시형수목/가족4위관외,7440000,
park-1177,은하수공원 자연장지,수목장,도시형수목/가족8위관외,14880000,
park-1177,은하수공원 자연장지,수목장,산림형수목/공동목관내,1700000,
park-1177,은하수공원 자연장지,수목장,산림형수목/가족4위관내,6800000,
park-1177,은하수공원 자연장지,수목장,산림형수목/가족6위관내,10200000,
park-1177,은하수공원 자연장지,수목장,산림형수목/가족8위관내,13600000,
park-1177,은하수공원 자연장지,수목장,산림형수목/공동목관외,3400000,
park-1177,은하수공원 자연장지,수목장,산림형수목/가족4위관외,13600000,
park-1177,은하수공원 자연장지,수목장,산림형수목/가족6위관외,20400000,
park-1177,은하수공원 자연장지,수목장,산림형수목/가족8위관외,27200000,
park-1177,은하수공원 자연장지,자연장,"한국장례문화진흥원 [04552] 서울특별시 중구 수표로 23 인농빌딩 7층, TEL : 1577-4129, FAX : 02-6919-",1475,
park-1178,중앙추모공원,관리비,VIP실 1단 개인단사용료 500만원/ 5년 관리비 30만원,5000000,
park-1178,중앙추모공원,관리비,VIP실 2단 개인단사용료 600만원/ 5년 관리비 30만원,6000000,
park-1178,중앙추모공원,관리비,VIP실 3단 개인단사용료 750만원/ 5년 관리비 30만원,7500000,
park-1178,중앙추모공원,관리비,VIP실 4단 개인단사용료 900만원/ 5년 관리비 30만원,9000000,
park-1178,중앙추모공원,관리비,VIP실 5단 개인단사용료 1000만원/ 5년 관리비 30만원,10000000,
park-1178,중앙추모공원,관리비,VIP실 1단 부부단사용료 1000만원/ 5년 관리비 30만원,10000000,
park-1178,중앙추모공원,관리비,VIP실 2단 부부단사용료 1200만원/ 5년 관리비 30만원,12000000,
park-1178,중앙추모공원,관리비,VIP실 3단 부부단사용료 1500만원/ 5년 관리비 30만원,15000000,
park-1178,중앙추모공원,관리비,VIP실 4단 부부단사용료 1800만원/ 5년 관리비 30만원,18000000,
park-1178,중앙추모공원,관리비,VIP실 5단 부부단사용료 2000만원/ 5년 관리비 30만원,20000000,
park-1178,중앙추모공원,관리비,고급실 1단 개인단사용료 350만원/ 5년 관리비 30만원,3500000,
park-1178,중앙추모공원,관리비,고급실 2단 개인단사용료 450만원/ 5년 관리비 30만원,4500000,
park-1178,중앙추모공원,관리비,고급실 3단 개인단사용료 600만원/ 5년 관리비 30만원,6000000,
park-1178,중앙추모공원,관리비,고급실 4단 개인단사용료 750만원/ 5년 관리비 30만원,7500000,
park-1178,중앙추모공원,관리비,고급실 5단 개인단사용료 900만원/ 5년 관리비 30만원,9000000,
park-1178,중앙추모공원,관리비,고급실 6단 개인단사용료 850만원/ 5년 관리비 30만원,8500000,
park-1178,중앙추모공원,관리비,고급실 1단 부부단사용료 700만원/ 5년 관리비 30만원,7000000,
park-1178,중앙추모공원,관리비,고급실 2단 부부단사용료 900만원/ 5년 관리비 30만원,9000000,
park-1178,중앙추모공원,관리비,고급실 3단 부부단사용료 1200만원/ 5년 관리비 30만원,12000000,
park-1178,중앙추모공원,관리비,고급실 4단 부부단사용료 1500만원/ 5년 관리비 30만원,15000000,
park-1178,중앙추모공원,관리비,고급실 5단 부부단사용료 1800만원/ 5년 관리비 30만원,18000000,
park-1178,중앙추모공원,관리비,고급실 6단 부부단사용료 1700만원/ 5년 관리비 30만원,17000000,
park-1178,중앙추모공원,관리비,일반실 1단 개인단사용료 250만원/ 5년 관리비 30만원,2500000,
park-1178,중앙추모공원,관리비,일반실 2단 개인단사용료 350만원/ 5년 관리비 30만원,3500000,
park-1178,중앙추모공원,관리비,일반실 3단 개인단사용료 400만원/ 5년 관리비 30만원,4000000,
park-1178,중앙추모공원,관리비,일반실 4단 개인단사용료 500만원/ 5년 관리비 30만원,5000000,
park-1178,중앙추모공원,관리비,일반실 5단 개인단사용료 500만원/ 5년 관리비 30만원,5000000,
park-1178,중앙추모공원,관리비,일반실 6단 개인단사용료 450만원/ 5년 관리비 30만원,4500000,
park-1178,중앙추모공원,관리비,일반실 7단 개인단사용료 350만원/ 5년 관리비 30만원,3500000,
park-1178,중앙추모공원,관리비,일반실 8단 개인단사용료 300만원/ 5년 관리비 30만원,3000000,
park-1178,중앙추모공원,관리비,일반실 9단 개인단사용료 250만원/ 5년 관리비 30만원,2500000,
park-1178,중앙추모공원,관리비,일반실 1단 부부단사용료 500만원/ 5년 관리비 30만원,5000000,
park-1178,중앙추모공원,관리비,일반실 2단 부부단사용료 700만원/ 5년 관리비 30만원,7000000,
park-1178,중앙추모공원,관리비,일반실 3단 부부단사용료 800만원/ 5년 관리비 30만원,8000000,
park-1178,중앙추모공원,관리비,일반실 4단 부부단사용료 1000만원/ 5년 관리비 30만원,10000000,
park-1178,중앙추모공원,관리비,일반실 5단 부부단사용료 1000만원/ 5년 관리비 30만원,10000000,
park-1178,중앙추모공원,관리비,일반실 6단 부부단사용료 900만원/ 5년 관리비 30만원,9000000,
park-1178,중앙추모공원,관리비,일반실 7단 부부단사용료 700만원/ 5년 관리비 30만원,7000000,
park-1178,중앙추모공원,관리비,일반실 8단 부부단사용료 600만원/ 5년 관리비 30만원,6000000,
park-1178,중앙추모공원,관리비,일반실 9단 부부단사용료 500만원/ 5년 관리비 30만원,5000000,
park-1178,중앙추모공원,자연장,"표지석원~500,000원200,000",200000,
park-1178,중앙추모공원,자연장,"국화, 카네이션원~10,000원4,000",4000,
park-1178,중앙추모공원,자연장,"표지석 장식원~50,000원20,000",20000,
park-1178,중앙추모공원,자연장,"봉안당 장식원~70,000원10,000",10000,
park-1178,중앙추모공원,자연장,"자연장 조명 등원~50,000원10,000",10000,
park-1178,중앙추모공원,자연장,"돌화병원~150,000원50,000",50000,
park-1178,중앙추모공원,자연장,"조화원~50,000원7,000",7000,
park-1178,중앙추모공원,부대비용,"제사상 미니어처원~200,000원20,000",20000,
park-1178,중앙추모공원,자연장,"사진 액자원~50,000원10,000",10000,
park-1178,중앙추모공원,부대비용,"제사상원~400,000원150,000",150000,
park-1178,중앙추모공원,자연장,"봉안 (자연)함원~1,500,000원150,000",150000,
park-1178,중앙추모공원,자연장,제례용 소주,5000,
park-1178,중앙추모공원,자연장,제례용 정종,15000,
park-1178,중앙추모공원,자연장,제례용 포,10000,
park-1178,중앙추모공원,자연장,돗자리,10000,
park-1178,중앙추모공원,자연장,"한국장례문화진흥원 [04552] 서울특별시 중구 수표로 23 인농빌딩 7층, TEL : 1577-4129, FAX : 02-6919-",1475,
park-1179,에버그린수목장,잔디장,잔디A1위,1500000,
park-1179,에버그린수목장,잔디장,잔디B1위,2000000,
park-1179,에버그린수목장,수목장,수목형잔디장1위,3000000,
park-1179,에버그린수목장,자연장,측백2위,5000000,
park-1179,에버그린수목장,자연장,에메랄드골드2위,6000000,
park-1179,에버그린수목장,자연장,황금측백22위-4위,10000000,
park-1179,에버그린수목장,수목장,소나무14위-8위,17000000,
park-1179,에버그린수목장,자연장,반송14위-8위,17000000,
park-1179,에버그린수목장,자연장,반송38위-12위,30000000,
park-1179,에버그린수목장,자연장,백송18위-12위,30000000,
park-1179,에버그린수목장,잔디장,가족잔디장4위,10000000,
park-1179,에버그린수목장,자연장,에메랄드그린2위,5000000,
park-1179,에버그린수목장,수목장,주목2위~4위,7000000,
park-1179,에버그린수목장,자연장,황금측백12위~4위,8000000,
park-1179,에버그린수목장,자연장,문그로우2위~4위,10000000,
park-1179,에버그린수목장,자연장,히버니카2위~4위,10000000,
park-1179,에버그린수목장,자연장,블루엔젤2위~4위,10000000,
park-1179,에버그린수목장,수목장,소나무24위-8위,20000000,
park-1179,에버그린수목장,자연장,반송24위-8위,20000000,
park-1179,에버그린수목장,자연장,반송48위-12위,35000000,
park-1179,에버그린수목장,수목장,소나무38위-12위,30000000,
park-1179,에버그린수목장,수목장,소나무48위-12위,35000000,
park-1179,에버그린수목장,자연장,백송28위-12위,35000000,
park-1179,에버그린수목장,자연장,꽃다발 화분 등,20000,
park-1179,에버그린수목장,자연장,"한국장례문화진흥원 [04552] 서울특별시 중구 수표로 23 인농빌딩 7층, TEL : 1577-4129, FAX : 02-6919-",1475,
park-1180,대한예수교장로회 효자수목원,자연장,공동묘1위,1500000,
park-1180,대한예수교장로회 효자수목원,자연장,공동묘1위,2000000,
park-1180,대한예수교장로회 효자수목원,자연장,공동묘1위,2500000,
park-1180,대한예수교장로회 효자수목원,자연장,공동묘1위,2800000,
park-1180,대한예수교장로회 효자수목원,자연장,공동묘1위,3300000,
park-1180,대한예수교장로회 효자수목원,자연장,공동묘1위,3800000,
park-1180,대한예수교장로회 효자수목원,자연장,공동묘1위,4300000,
park-1180,대한예수교장로회 효자수목원,자연장,부부묘2위 (만장),5000000,
park-1180,대한예수교장로회 효자수목원,자연장,부부묘2위 (만장),6000000,
park-1180,대한예수교장로회 효자수목원,자연장,부부묘2위 (만장),7000000,
park-1180,대한예수교장로회 효자수목원,자연장,부부묘2위 (만장),8000000,
park-1180,대한예수교장로회 효자수목원,자연장,부부묘2위 (만장),9000000,
park-1180,대한예수교장로회 효자수목원,자연장,부부묘2위,10000000,
park-1180,대한예수교장로회 효자수목원,자연장,가족묘4위,11000000,
park-1180,대한예수교장로회 효자수목원,자연장,가족묘4위 (만장),12000000,
park-1180,대한예수교장로회 효자수목원,자연장,가족묘4위,13000000,
park-1180,대한예수교장로회 효자수목원,자연장,가족묘4위,14000000,
park-1180,대한예수교장로회 효자수목원,자연장,가족묘4위,15000000,
park-1180,대한예수교장로회 효자수목원,자연장,가족묘4위,17000000,
park-1180,대한예수교장로회 효자수목원,관리비,관리비 (1위당)1년,50000,
park-1180,대한예수교장로회 효자수목원,자연장,한지유골함,60000,
park-1180,대한예수교장로회 효자수목원,자연장,표지석,150000,
park-1180,대한예수교장로회 효자수목원,자연장,박석,50000,
park-1180,대한예수교장로회 효자수목원,자연장,인건비,120000,
park-1180,대한예수교장로회 효자수목원,자연장,"한국장례문화진흥원 [04552] 서울특별시 중구 수표로 23 인농빌딩 7층, TEL : 1577-4129, FAX : 02-6919-",1475,
park-1181,정안수목장,자연장,"한국장례문화진흥원 [04552] 서울특별시 중구 수표로 23 인농빌딩 7층, TEL : 1577-4129, FAX : 02-6919-",1475,
park-1182,에덴의정원 수목장,자연장,자연장1(공동장)1기,2000000,
park-1182,에덴의정원 수목장,자연장,자연장2(공동장)1기,3000000,
park-1182,에덴의정원 수목장,수목장,개인목1기,5000000,
park-1182,에덴의정원 수목장,수목장,부부목2기,8000000,
park-1182,에덴의정원 수목장,자연장,소가족목4기,10000000,
park-1182,에덴의정원 수목장,자연장,가족목16기,18000000,
park-1182,에덴의정원 수목장,자연장,가족목28기,23000000,
park-1182,에덴의정원 수목장,자연장,가족목310기,29000000,
park-1182,에덴의정원 수목장,자연장,대가족목14기,39000000,
park-1182,에덴의정원 수목장,관리비,"자연장1(공동장) 관리비1년, 최소 5년 단위 선납",40000,
park-1182,에덴의정원 수목장,관리비,"자연장2(공동장) 관리비1년, 최소 5년 단위 선납",40000,
park-1182,에덴의정원 수목장,관리비,"개인목 관리비1년, 최소 5년 단위 선납",50000,
park-1182,에덴의정원 수목장,관리비,"부부목 관리비1년, 최소 5년 단위 선납",70000,
park-1182,에덴의정원 수목장,관리비,"소가족목 관리비1년, 최소 5년 단위 선납",100000,
park-1182,에덴의정원 수목장,관리비,"가족목1 관리비1년, 최소 5년 단위 선납",150000,
park-1182,에덴의정원 수목장,관리비,"가족목2 관리비1년, 최소 5년 단위 선납",200000,
park-1182,에덴의정원 수목장,관리비,"가족목3 관리비1년, 최소 5년 단위 선납",250000,
park-1182,에덴의정원 수목장,관리비,"대가족목 관리비1년, 최소 5년 단위 선납",300000,
park-1182,에덴의정원 수목장,자연장,토기유골함 / 한지유골함18cm X 20cm(직경X높이),100000,
park-1182,에덴의정원 수목장,자연장,표지석 (오석)10cm X 18cm X 11cm(두께X가로X세로),200000,
park-1182,에덴의정원 수목장,자연장,안장 진행 비용안장 준비 및 진행 일체,300000,
park-1182,에덴의정원 수목장,자연장,"한국장례문화진흥원 [04552] 서울특별시 중구 수표로 23 인농빌딩 7층, TEL : 1577-4129, FAX : 02-6919-",1475,
park-1183,대한불교조계종 용천사,관리비,"미타단 (중앙)호랑가시나무, 20위 안치, 연관리비 50만원",80000000,
park-1183,대한불교조계종 용천사,관리비,"미타단 (좌,우)호랑가시나무, 20위 안치, 연관리비 50만원",60000000,
park-1183,대한불교조계종 용천사,관리비,"지장단 (1주)동백나무, 10위 안치, 연관리비 30만원",25000000,
park-1183,대한불교조계종 용천사,관리비,"지장단 (2주)동백나무, 15위 안치, 연관리비 40만원",45000000,
park-1183,대한불교조계종 용천사,관리비,"관음단은목서나무, 4위~7위, 연관리비 20만원",18000000,
park-1183,대한불교조계종 용천사,관리비,"개인단은목서나무, (1위) ~ 4위 안치 (1위기준), 1위추가 200만원, 연관리비 7만원 (1위기준), 1위추가 3만원",5500000,
park-1183,대한불교조계종 용천사,관리비,"꽃무릇단평장, 연관리비 (1위) 5만원, 2위 10만원",2500000,
park-1183,대한불교조계종 용천사,자연장,49재 재 (7회)-매주1회대웅전,7000000,[규격: 7*7]
park-1183,대한불교조계종 용천사,자연장,49재 막재/7재 (1회)대웅전,3000000,
park-1183,대한불교조계종 용천사,자연장,49재 초재/막재 (2회)대웅전,4000000,
park-1183,대한불교조계종 용천사,자연장,"49재 1,3,5,7재 (4회)대웅전",5000000,
park-1183,대한불교조계종 용천사,자연장,100재 사후100일째대웅전,2000000,
park-1183,대한불교조계종 용천사,부대비용,게제사 사후1년 마다대웅전,500000,
park-1183,대한불교조계종 용천사,자연장,"황토봉안함 (vip)재질: 황토,한지 원산지: 국내, 수공예 작품",380000,
park-1183,대한불교조계종 용천사,자연장,"황토봉안함재질: 황토,한지 원산지: 국내, 수공예 작품",320000,
park-1183,대한불교조계종 용천사,자연장,"한지 봉안함재질: 종이,한지 원산지:국내, 수공예 작품",150000,
park-1183,대한불교조계종 용천사,자연장,"한지 봉안함재질: 종이,한지 원산지:국내, 수공예 작품",100000,
park-1183,대한불교조계종 용천사,자연장,"표지석 (부부)재질: 화강암, 오석 부부 (2위) 15cmX10cm",250000,
park-1183,대한불교조계종 용천사,자연장,"표지석 (개인)재질: 화강암, 오석 개인1위) 15cmX10cm",200000,
park-1183,대한불교조계종 용천사,자연장,추가 안치 작업 비용당일안치 이후 추가작업시,490000,
park-1183,대한불교조계종 용천사,자연장,"한국장례문화진흥원 [04552] 서울특별시 중구 수표로 23 인농빌딩 7층, TEL : 1577-4129, FAX : 02-6919-",1475,
park-1184,남해추모누리공원 자연장지,자연장,"자연장지 (1구)관내,30년 사용",300000,
park-1184,남해추모누리공원 자연장지,자연장,"자연장지 (1구)관내,30년 관리",60000,
park-1184,남해추모누리공원 자연장지,자연장,"자연장지 (1구)관외,30년 사용",900000,
park-1184,남해추모누리공원 자연장지,자연장,"자연장지 (1구)관외,30년 관리",180000,
park-1184,남해추모누리공원 자연장지,자연장,"자연장지 (2구)관내,30년 사용",550000,
park-1184,남해추모누리공원 자연장지,자연장,"자연장지 (2구)관내,30년 관리",90000,
park-1184,남해추모누리공원 자연장지,자연장,"자연장지 (2구)관외,30년 사용",1650000,
park-1184,남해추모누리공원 자연장지,자연장,"자연장지 (2구)관외,30년 관리",270000,
park-1184,남해추모누리공원 자연장지,자연장,"자연장지 (4구)관내,30년 사용",1100000,
park-1184,남해추모누리공원 자연장지,자연장,"자연장지 (4구)관내,30년 관리",150000,
park-1184,남해추모누리공원 자연장지,자연장,"자연장지 (4구)관외,30년 사용",3300000,
park-1184,남해추모누리공원 자연장지,자연장,"자연장지 (4구)관외,30년 관리",450000,
park-1184,남해추모누리공원 자연장지,자연장,"자연장지 (6구)관내,30년 사용",1650000,
park-1184,남해추모누리공원 자연장지,자연장,"자연장지 (6구)관내,30년 관리",210000,
park-1184,남해추모누리공원 자연장지,자연장,"자연장지 (6구)관외,30년 사용",4950000,
park-1184,남해추모누리공원 자연장지,자연장,"자연장지 (6구)관외,30년 관리",630000,
park-1184,남해추모누리공원 자연장지,자연장,"자연장지,문중종중 (48기이하)관내, 기당, 사용",275000,
park-1184,남해추모누리공원 자연장지,자연장,"자연장지,문중종중 (48기이하)관내, 관리",15000,
park-1184,남해추모누리공원 자연장지,자연장,"자연장지,문중종중 (48기이하)관외, 기당, 사용",825000,
park-1184,남해추모누리공원 자연장지,자연장,"자연장지,문중종중 (48기이하)관외, 관리",45000,
park-1184,남해추모누리공원 자연장지,자연장,"한국장례문화진흥원 [04552] 서울특별시 중구 수표로 23 인농빌딩 7층, TEL : 1577-4129, FAX : 02-6919-",1475,
park-1185,불광사 양지수목장,자연장,공동장지1위,1500000,
park-1185,불광사 양지수목장,수목장,개인목1위,3000000,
park-1185,불광사 양지수목장,수목장,부부목2위,6000000,
park-1185,불광사 양지수목장,자연장,소가족형4위,9000000,
park-1185,불광사 양지수목장,자연장,중가족형6위,16000000,
park-1185,불광사 양지수목장,자연장,대가족형10위,20000000,
park-1185,불광사 양지수목장,관리비,관리비 (3년선납)잔디장 (1위),50000,
park-1185,불광사 양지수목장,관리비,관리비 (3년선납)개인목 (1위),70000,
park-1185,불광사 양지수목장,관리비,관리비 (3년선납)부부목 (2위),100000,
park-1185,불광사 양지수목장,관리비,관리비 (3년선납)가족목 (4위~6위),150000,
park-1185,불광사 양지수목장,관리비,관리비 (3년선납)가족목 (8위~10위),200000,
park-1185,불광사 양지수목장,수목장,"수목장상차림과일,포,술,약과 등",200000,
park-1185,불광사 양지수목장,자연장,49재 (막재)-,3000000,
park-1185,불광사 양지수목장,자연장,조화1만~1만5천원,10000,
park-1185,불광사 양지수목장,석물비,비석소,250000,
park-1185,불광사 양지수목장,석물비,비석대,500000,
park-1185,불광사 양지수목장,석물비,비석추가각인기존비석 공란에 추가고인각인,150000,
park-1185,불광사 양지수목장,자연장,"한국장례문화진흥원 [04552] 서울특별시 중구 수표로 23 인농빌딩 7층, TEL : 1577-4129, FAX : 02-6919-",1475,
park-1186,유토피아수목장,관리비,일반수목/개인형 (1기)관리비5만원 (1년)/5년선납,3500000,
park-1186,유토피아수목장,관리비,일반수목/부부형 (2기)관리비5만원 (1년)/5년선납,5000000,
park-1186,유토피아수목장,관리비,일반수목/가족형 (4기)관리비5만원 (1년)/5년선납,7000000,
park-1186,유토피아수목장,관리비,일반수목/대가족형 (8기)관리비10만원 (1년)/5년선납,11000000,
park-1186,유토피아수목장,관리비,일반수목/공동형 (1기)관리비2만원 (1년)/5년선납,1500000,
park-1186,유토피아수목장,관리비,해송 소나무/개인형 (1기)관리비7만원 (1년)/5년선납,5000000,
park-1186,유토피아수목장,관리비,해송 소나무/부부형 (2기)관리비7만원 (1년)/5년선납,6500000,
park-1186,유토피아수목장,관리비,해송 소나무/가족형 (4기)관리비7만원 (1년)/5년선납,8500000,
park-1186,유토피아수목장,관리비,해송 소나무/대가족형 (8기)관리비14만원 (1년)/5년선납,14000000,
park-1186,유토피아수목장,관리비,소나무/개인형 (1기)관리비7만원 (1년)/5년선납,6500000,
park-1186,유토피아수목장,관리비,소나무/부부형 (2기)관리비7만원 (1년)/5년선납,8500000,
park-1186,유토피아수목장,관리비,소나무/가족형 (4기)관리비7만원 (1년)/5년선납,12000000,
park-1186,유토피아수목장,관리비,소나무/대가족형 (8기)관리비14만원 (1년)/5년선납,19000000,
park-1186,유토피아수목장,관리비,일반수목/가족형 (4기)관리비5만원 (1년)/5년선납,10000000,
park-1186,유토피아수목장,관리비,소나무/대가족형 (8기)관리비28만원 (1년)/5년선납,40000000,
park-1186,유토피아수목장,관리비,반송/부부형 (2기)관리비7만원 (1년)/5년선납,10000000,
park-1186,유토피아수목장,관리비,반송/가족형 (4기)관리비14만원 (1년)/5년선납,15000000,
park-1186,유토피아수목장,관리비,반송/가족형 (8기)관리비14만원 (1년)/5년선납,20000000,
park-1186,유토피아수목장,자연장,"한국장례문화진흥원 [04552] 서울특별시 중구 수표로 23 인농빌딩 7층, TEL : 1577-4129, FAX : 02-6919-",1475,
park-1187,신불산추모공원 수목장지,수목장,수목장지 (1위),2000000,
park-1187,신불산추모공원 수목장지,수목장,수목 잔디 가족장지,4000000,
park-1187,신불산추모공원 수목장지,수목장,수목 가족장지,5000000,
park-1187,신불산추모공원 수목장지,수목장,수목 가족장지,9000000,
park-1187,신불산추모공원 수목장지,자연장,"대가족형17,000,000~",24000000,
park-1187,신불산추모공원 수목장지,자연장,가족형,15000000,
park-1187,신불산추모공원 수목장지,자연장,가족형,5000000,
park-1187,신불산추모공원 수목장지,자연장,"개인,부부형",3000000,
park-1187,신불산추모공원 수목장지,관리비,연관리비,300000,
park-1187,신불산추모공원 수목장지,관리비,연관리비,213400,
park-1187,신불산추모공원 수목장지,관리비,연관리비,106800,
park-1187,신불산추모공원 수목장지,관리비,연관리비,85400,
park-1187,신불산추모공원 수목장지,관리비,연관리비,64000,
park-1187,신불산추모공원 수목장지,관리비,연관리비,42600,
park-1187,신불산추모공원 수목장지,관리비,연관리비,21400,
park-1187,신불산추모공원 수목장지,자연장,"개인,부부형양산시민 기초생활수급자 (10%할인)",2700000,
park-1187,신불산추모공원 수목장지,자연장,"한국장례문화진흥원 [04552] 서울특별시 중구 수표로 23 인농빌딩 7층, TEL : 1577-4129, FAX : 02-6919-",1475,
park-1188,자연숲추모공원 수목장림,관리비,가족목/조형목 (A등급)기간:30년 (4인기준) / 사용료 500만원 + 관리비450만원,9500000,
park-1188,자연숲추모공원 수목장림,관리비,가족목/조형목 (B등급)기간:30년 (4인기준) / 사용료 450만원 + 관리비450만원,9000000,
park-1188,자연숲추모공원 수목장림,관리비,가족목/조림목 (A등급)기간:30년 (4인기준) / 사용료 400만원 + 관리비360만원,7600000,
park-1188,자연숲추모공원 수목장림,관리비,가족목/조림목 (B등급)기간:30년 (4인기준) / 사용료 360만원 + 관리비360만원,7200000,
park-1188,자연숲추모공원 수목장림,관리비,가족목/자연목 (A등급)기간:30년 (4인기준) / 사용료 300만원 + 관리비360만원,6600000,
park-1188,자연숲추모공원 수목장림,관리비,가족목/자연목 (B등급)기간:30년 (4인기준) / 사용료 260만원 + 관리비360만원,6200000,
park-1188,자연숲추모공원 수목장림,관리비,가족목/자연목 (C등급)기간:30년 (4인기준) / 사용료 200만원 + 관리비265만원,4650000,
park-1188,자연숲추모공원 수목장림,관리비,부부목/조형목기간:30년 (2인기준) / 사용료 200만원 + 관리비350만원,5500000,
park-1188,자연숲추모공원 수목장림,관리비,부부목/조림목기간:30년 (2인기준) / 사용료 200만원 + 관리비250만원,4500000,
park-1188,자연숲추모공원 수목장림,관리비,공동목 (A등급)기간:30년 (1인기준) / 사용료 87만원 + 관리비60만원,1470000,
park-1188,자연숲추모공원 수목장림,관리비,공동목 (B등급)기간:30년 (1인기준) / 사용료 30만원 + 관리비60만원,900000,
park-1188,자연숲추모공원 수목장림,관리비,잔디장/1인 (개인)기간:30년 (1인기준) / 사용료 30만원 + 관리비60만원,900000,
park-1188,자연숲추모공원 수목장림,관리비,잔디장/2인 (부부)기간:30년 (2인기준) / 사용료 60만원 + 관리비90만원,1500000,
park-1188,자연숲추모공원 수목장림,관리비,가족목/자연목/취약계층기간:15년 (3인기준) / 사용료 100만원+관리비132.5만원,2325000,
park-1188,자연숲추모공원 수목장림,관리비,공동목/취약계층기간:30년 (1인기준) / 사용료 87만원 + 관리비60만원,1470000,
park-1188,자연숲추모공원 수목장림,자연장,"한국장례문화진흥원 [04552] 서울특별시 중구 수표로 23 인농빌딩 7층, TEL : 1577-4129, FAX : 02-6919-",1475,
park-1189,용인로뎀파크,자연장,개인형30*,402000000,
park-1189,용인로뎀파크,자연장,부부형65*,653300000,
park-1189,용인로뎀파크,자연장,부부형 (특)70*,705000000,
park-1189,용인로뎀파크,자연장,소가족형70*,905000000,
park-1189,용인로뎀파크,수목장,분재 수목형80*,1007000000,
park-1189,용인로뎀파크,수목장,소가족 수목형110*,15010000000,
park-1189,용인로뎀파크,수목장,대가족 수목형110*,16015000000,
park-1189,용인로뎀파크,관리비,개인형 관리비 (1년),40000,
park-1189,용인로뎀파크,관리비,부부형 관리비 (1년),50000,
park-1189,용인로뎀파크,관리비,부부형 (특) 관리비 (1년),60000,
park-1189,용인로뎀파크,관리비,소가족형 관리비 (1년),80000,
park-1189,용인로뎀파크,관리비,분재 수목형 관리비 (1년),100000,
park-1189,용인로뎀파크,관리비,소가족 수목형 관리비 (1년),120000,
park-1189,용인로뎀파크,관리비,대가족 수목형 관리비 (1년),150000,
park-1189,용인로뎀파크,자연장,"한국장례문화진흥원 [04552] 서울특별시 중구 수표로 23 인농빌딩 7층, TEL : 1577-4129, FAX : 02-6919-",1475,
park-1190,화성하늘공원 수목장림,관리비,황금측백/개인형 (1기)관리비5만원 (1년)/3년선납,3000000,
park-1190,화성하늘공원 수목장림,관리비,반송/부부형 (2기)관리비5만원 (1년)/3년선납,5000000,
park-1190,화성하늘공원 수목장림,관리비,반송/가족형 (4기)관리비8만원 (1년)/3년선납,7000000,
park-1190,화성하늘공원 수목장림,관리비,반송/가족형 (6기)관리비8만원 (1년)/3년선납,8000000,
park-1190,화성하늘공원 수목장림,관리비,반송/가족형 (6기)관리비8만원 (1년)/3년선납,9000000,
park-1190,화성하늘공원 수목장림,관리비,반송/가족형 (8기)관리비8만원 (1년)/3년선납,11000000,
park-1190,화성하늘공원 수목장림,관리비,향나무/가족형 (4기)관리비8만원 (1년)/3년선납,11000000,
park-1190,화성하늘공원 수목장림,관리비,반송/가족형 (8기)관리비10만원 (1년)/3년선납,9000000,
park-1190,화성하늘공원 수목장림,관리비,주목/가족형 (8기)관리비10만원 (1년)/3년선납,15000000,
park-1190,화성하늘공원 수목장림,관리비,반송/가족형 (14기)관리비15만원 (1년)/3년선납,13000000,
park-1190,화성하늘공원 수목장림,관리비,주목/가족형 (16기)관리비15만원 (1년)/3년선납,13000000,
park-1190,화성하늘공원 수목장림,관리비,소나무/가족형 (12기)관리비20만원 (1년)/3년선납,20000000,
park-1190,화성하늘공원 수목장림,관리비,소나무/가족형 (12기)관리비20만원 (1년)/3년선납,30000000,
park-1190,화성하늘공원 수목장림,자연장,"한국장례문화진흥원 [04552] 서울특별시 중구 수표로 23 인농빌딩 7층, TEL : 1577-4129, FAX : 02-6919-",1475,
park-1191,우성공원묘원(자연장지),관리비,"평장묘2위관리비6만원 (1년)/평장묘 본체, 비석, 상석, 화병, 설치비",11000000,
park-1191,우성공원묘원(자연장지),관리비,"평장묘2위 고급형관리비6만원 (1년)/평장묘 본체, 비석, 상석, 화병, 설치비",14000000,
park-1191,우성공원묘원(자연장지),관리비,"평장묘4위관리비8만원 (1년)/평장묘 본체, 비석, 상석, 화병, 설치비",16000000,
park-1191,우성공원묘원(자연장지),관리비,"평장묘6위관리비10만원 (1년)/평장묘 본체, 비석, 상석, 화병, 설치비",19000000,
park-1191,우성공원묘원(자연장지),관리비,"평장묘8위관리비12만원 (1년)/평장묘 본체, 비석, 상석, 화병, 설치비",25000000,
park-1191,우성공원묘원(자연장지),관리비,"평장묘12위관리비14만원 (1년)/평장묘 본체, 비석, 상석, 화병, 설치비",30000000,
park-1191,우성공원묘원(자연장지),관리비,"평장묘16위관리비16만원 (1년)/평장묘 본체, 비석, 상석, 화병, 설치비",35000000,
park-1191,우성공원묘원(자연장지),관리비,"평장묘24위관리비24만원 (1년)/평장묘 본체, 비석, 상석, 화병, 설치비",45000000,
park-1191,우성공원묘원(자연장지),자연장,안치비화장유골 안치비,300000,
park-1191,우성공원묘원(자연장지),석물비,각자비 (대)비석글씨 대자/자당,25000,
park-1191,우성공원묘원(자연장지),석물비,각자비 (중)비석글씨 중자/자당,20000,
park-1191,우성공원묘원(자연장지),석물비,각자비 (소)비석글씨 소자/자당,2500,
park-1191,우성공원묘원(자연장지),자연장,"한국장례문화진흥원 [04552] 서울특별시 중구 수표로 23 인농빌딩 7층, TEL : 1577-4129, FAX : 02-6919-",1475,
park-1192,천봉사 자연장지,자연장,대가족목반송,30001,
park-1192,천봉사 자연장지,자연장,대가족목반송,39001,
park-1192,천봉사 자연장지,자연장,대가족목반송,43001,
park-1192,천봉사 자연장지,자연장,가족목조경송,12001,
park-1192,천봉사 자연장지,자연장,가족목조경송,8001,
park-1192,천봉사 자연장지,자연장,가족목조경송,9001,
park-1192,천봉사 자연장지,수목장,개인목주목,2001,
park-1192,천봉사 자연장지,수목장,개인목사철나무,2001,
park-1192,천봉사 자연장지,수목장,공동목장송,1001,
park-1192,천봉사 자연장지,수목장,공동목소나무,1001,
park-1192,천봉사 자연장지,수목장,공동목반송,1001,
park-1192,천봉사 자연장지,자연장,"한국장례문화진흥원 [04552] 서울특별시 중구 수표로 23 인농빌딩 7층, TEL : 1577-4129, FAX : 02-6919-",1475,
park-1193,(재)용인추모원 자연장지,수목장,공동목 / 개인12위,3500000,
park-1193,(재)용인추모원 자연장지,수목장,공동목 / 개인12위,3500000,
park-1193,(재)용인추모원 자연장지,수목장,공동목 / 개인24위,2000000,
park-1193,(재)용인추모원 자연장지,수목장,공동목 / 부부24위,4000000,
park-1193,(재)용인추모원 자연장지,자연장,가족목2위,5000000,
park-1193,(재)용인추모원 자연장지,자연장,가족목4위,20000000,
park-1193,(재)용인추모원 자연장지,자연장,가족목8위,30000000,
park-1193,(재)용인추모원 자연장지,관리비,5년 관리비1위,200000,
park-1193,(재)용인추모원 자연장지,자연장,표지석화강석,250000,
park-1193,(재)용인추모원 자연장지,자연장,표지석오석 / 개인,330000,
park-1193,(재)용인추모원 자연장지,자연장,표지석오석 / 부부,470000,
park-1193,(재)용인추모원 자연장지,자연장,"한국장례문화진흥원 [04552] 서울특별시 중구 수표로 23 인농빌딩 7층, TEL : 1577-4129, FAX : 02-6919-",1475,
park-1194,경각산 수목장,자연장,황금측백 (1인)(1.1㎡),5000000,[규격: 0.6*1.8]
park-1194,경각산 수목장,자연장,황금측백 (2인)(2.2㎡),8000000,[규격: 1.2*1.8]
park-1194,경각산 수목장,자연장,외줄반송 (4인)(3.64㎡),10000000,[규격: 1.4*2.6]
park-1194,경각산 수목장,자연장,외줄반송 (4인)(3.64㎡),12000000,[규격: 1.4*2.6]
park-1194,경각산 수목장,자연장,에메랄드 그린 (10인)(7.5㎡),25000000,[규격: 2*3.75]
park-1194,경각산 수목장,잔디장,잔디장 (2인)(1.5㎡),3500000,[규격: 1*1.5]
park-1194,경각산 수목장,자연장,에메랄드 그린 (10인 공동묘)(7.5㎡),2500000,[규격: 2*3.75]
park-1194,경각산 수목장,잔디장,잔디장 (1인)(1㎡),2000000,[규격: 0.6*1.5]
park-1194,경각산 수목장,자연장,"한국장례문화진흥원 [04552] 서울특별시 중구 수표로 23 인농빌딩 7층, TEL : 1577-4129, FAX : 02-6919-",1475,
park-1195,용인평온의숲(예정원),자연장,개인1위 (1구당)관내 (최초 30년),500000,
park-1195,용인평온의숲(예정원),자연장,개인1위 (1구당)관외 (최초 30년),750000,
park-1195,용인평온의숲(예정원),관리비,최초관리비 (1구당)관내 (최초 30년),600000,
park-1195,용인평온의숲(예정원),관리비,최초관리비 (1구당)관외 (최초 30년),900000,
park-1195,용인평온의숲(예정원),자연장,가족4위 (1구당)관내 (최초 30년),750000,
park-1195,용인평온의숲(예정원),자연장,가족4위 (1구당)관외 (최초 30년),1100000,
park-1195,용인평온의숲(예정원),자연장,가족6위 (1구당)관내 (최초 30년),700000,
park-1195,용인평온의숲(예정원),자연장,가족6위 (1구당)관외 (최초 30년),1000000,
park-1195,용인평온의숲(예정원),자연장,공동12위 (1구당)관내 (최초 30년),900000,
park-1195,용인평온의숲(예정원),자연장,공동12위 (1구당)관외 (최초 30년),900000,
park-1195,용인평온의숲(예정원),자연장,"한국장례문화진흥원 [04552] 서울특별시 중구 수표로 23 인농빌딩 7층, TEL : 1577-4129, FAX : 02-6919-",1475,
park-1196,백양사 수목장,자연장,자연장 (관목)1위,1000000,
park-1196,백양사 수목장,자연장,공동추모목 (교목)1위,1500000,
park-1196,백양사 수목장,자연장,개인추모목 (교목)1위,2000000,
park-1196,백양사 수목장,자연장,2인추모목 (교목)2위,4000000,
park-1196,백양사 수목장,자연장,가족추모목 (교목)_상담3위이상,6000000,
park-1196,백양사 수목장,자연장,"표찰-걸이형개, 메타스퀘어 숙성목 (한국), 100X",150100000,
park-1196,백양사 수목장,자연장,"표찰-꽂이형개, 메타스퀘어 숙성목 (한국), 100X",150100000,
park-1196,백양사 수목장,수목장,"수목장용 황토분골함개, 한국, 180X",180100000,
park-1196,백양사 수목장,수목장,"수목장용 전분분골함개, 한국, 180X",18080000,
park-1196,백양사 수목장,수목장,"수목장용 한지분골함개, 한국, 180X",180120000,
park-1196,백양사 수목장,자연장,"한국장례문화진흥원 [04552] 서울특별시 중구 수표로 23 인농빌딩 7층, TEL : 1577-4129, FAX : 02-6919-",1475,
park-1197,자연애숲(다니엘교회),수목장,공동목 (소나무)1위,1500000,
park-1197,자연애숲(다니엘교회),수목장,개인목 (회양목)1위,3000000,
park-1197,자연애숲(다니엘교회),수목장,개인목 (외대반송 소)1위,6000000,
park-1197,자연애숲(다니엘교회),수목장,부부목 (외대반송 중)1위,3500000,
park-1197,자연애숲(다니엘교회),수목장,부부목 (코니카)1위,5000000,
park-1197,자연애숲(다니엘교회),수목장,가족목 (소나무)1위,5000000,
park-1197,자연애숲(다니엘교회),자연장,특별목1위,15000000,
park-1197,자연애숲(다니엘교회),자연장,"한국장례문화진흥원 [04552] 서울특별시 중구 수표로 23 인농빌딩 7층, TEL : 1577-4129, FAX : 02-6919-",1475,
park-1198,삼척시추모공원 자연장,관리비,단장 (1.5㎡) 30년사용료 (26만원)+관리비 (10만원)+매장비 (5만원),410000,
park-1198,삼척시추모공원 자연장,관리비,합장 (1.95㎡) 30년사용료 (34만원)+관리비 (12만원)+매장비 (5만원),510000,
park-1198,삼척시추모공원 자연장,관리비,2기 합장 (1.95㎡) 30년사용료 (34만원)+관리비 (12만원)+매장비 (10만원),560000,
park-1198,삼척시추모공원 자연장,석물비,"단장 석물 (고인 및 유가족비석,화병,하단)국가유공자,수급자포함",407000,
park-1198,삼척시추모공원 자연장,석물비,"합장 석물 (고인 및 유가족비석,화병,하단)국가유공자,수급자포함",457000,
park-1198,삼척시추모공원 자연장,자연장,"한국장례문화진흥원 [04552] 서울특별시 중구 수표로 23 인농빌딩 7층, TEL : 1577-4129, FAX : 02-6919-",1475,
park-1199,화성함백산추모공원(바람마루),잔디장,"관내-잔디장 (시신, 1구)관내 : 사망일 기준 6개월 이상 연속하여 화성시에 주민등록이 되어 있는 사망자",800000,
park-1199,화성함백산추모공원(바람마루),잔디장,"관외-잔디장 (시신, 1구)관외 : 사망일 기준 6개월 이상 연속하여 화성시에 주민등록이 되어 있는 사람의 사망한 배우자",1600000,
park-1199,화성함백산추모공원(바람마루),작업비,"관내-잔디장 (개장유골, 1구)관내 : 사망일 기준 6개월 이상 연속하여 화성시에 주민등록이 되어 있는 사망자의 개장유골",800000,
park-1199,화성함백산추모공원(바람마루),수목장,"관내-수목장 (시신, 1구)관내 : 사망일 기준 6개월 이상 연속하여 화성시에 주민등록이 되어 있는 사망자",1800000,
park-1199,화성함백산추모공원(바람마루),수목장,"관외-수목장 (시신, 1구)관외 : 사망일 기준 6개월 이상 연속하여 화성시에 주민등록이 되어 있는 사람의 사망한 배우자",3600000,
park-1199,화성함백산추모공원(바람마루),작업비,"관내-수목장 (개장유골, 1구)관내 : 사망일 기준 6개월 이상 연속하여 화성시에 주민등록이 되어 있는 사망자의 개장유골",1800000,
park-1199,화성함백산추모공원(바람마루),자연장,"한국장례문화진흥원 [04552] 서울특별시 중구 수표로 23 인농빌딩 7층, TEL : 1577-4129, FAX : 02-6919-",1475,
park-1200,별그리다(별의숲),잔디장,잔디형어린이전용,460000,
park-1200,별그리다(별의숲),수목장,공동 수목형14가지의 수종으로 공동형 구성 (상세금액 별도),690000,
park-1200,별그리다(별의숲),잔디장,공동 잔디형공동 잔디형 (상세금액 별도),960000,
park-1200,별그리다(별의숲),잔디장,화초형4가지의 수종으로 개인형 구성 (상세금액 별도),1180000,
park-1200,별그리다(별의숲),잔디장,가족 잔디형가족 잔디형 (상세금액 별도),7200000,
park-1200,별그리다(별의숲),수목장,가족 수목형14가지의 수종으로 가족형 구성 (상세금액 별도),9600000,
park-1200,별그리다(별의숲),관리비,"관리비공동형 20,000원 / 가족형 (상세금액 별도)",20000,
park-1200,별그리다(별의숲),작업비,"식사식사 (우거지국,북어국,육개장 중 택1), 기본찬",412000,
park-1200,별그리다(별의숲),부대비용,"제사상제사상 (23만원,37만원,60만원 주문가능)",230000,
park-1200,별그리다(별의숲),자연장,"조화조화 (~12,000원)5,000",5000,
park-1200,별그리다(별의숲),자연장,"한국장례문화진흥원 [04552] 서울특별시 중구 수표로 23 인농빌딩 7층, TEL : 1577-4129, FAX : 02-6919-",1475,
park-1201,늘푸른수목장(청광사),관리비,개인목 (1인)/황금측백관리비3만 (1년)/10년선납,2000000,
park-1201,늘푸른수목장(청광사),관리비,부부목 (2인)/에메랄드골드관리비5만 (1년)/10년선납,4000000,
park-1201,늘푸른수목장(청광사),관리비,부부목 (2인)/오엽송관리비6만 (1년)/10년선납,5000000,
park-1201,늘푸른수목장(청광사),관리비,가족목 (4인)/향나무관리비8만 (1년)/10년선납,8000000,
park-1201,늘푸른수목장(청광사),관리비,가족목 (6인)/반송관리비15만 (1년)/10년선납,15000000,
park-1201,늘푸른수목장(청광사),관리비,잔디 (1인)관리비1만 (1년)/10년선납,600000,
park-1201,늘푸른수목장(청광사),자연장,추가안치비,1000000,
park-1201,늘푸른수목장(청광사),자연장,한지함,100000,
park-1201,늘푸른수목장(청광사),석물비,비석고인성함기본/추가문구별도,150000,
park-1201,늘푸른수목장(청광사),자연장,"한국장례문화진흥원 [04552] 서울특별시 중구 수표로 23 인농빌딩 7층, TEL : 1577-4129, FAX : 02-6919-",1475,
park-1202,일산공감수목장(봉화사),관리비,개인목 (1위)관리비 년 4~5만원 / 5년 선납,6000000,
park-1202,일산공감수목장(봉화사),관리비,부부목 (2위)관리비 년 5~9만원 / 5년 선납,10000000,
park-1202,일산공감수목장(봉화사),관리비,가족목 (4위)관리비 년 12~20만원 / 5년 선납,35000000,
park-1202,일산공감수목장(봉화사),수목장,공동목년 4만원 / 5년선납,3000000,
park-1202,일산공감수목장(봉화사),부대비용,명패15cm*10cm / 10cm*7cm,100000,
park-1202,일산공감수목장(봉화사),자연장,"한국장례문화진흥원 [04552] 서울특별시 중구 수표로 23 인농빌딩 7층, TEL : 1577-4129, FAX : 02-6919-",1475,
park-1203,목자은혜교회,수목장,공동목1위,2000000,
park-1203,목자은혜교회,자연장,소가족형4위,5000000,
park-1203,목자은혜교회,자연장,가족형8위,7000000,
park-1203,목자은혜교회,자연장,대가족형16위,10000000,
park-1203,목자은혜교회,자연장,특수형20위,12000000,
park-1203,목자은혜교회,관리비,관리비1년,30000,
park-1203,목자은혜교회,자연장,표지석20cm*10cm/오석/중국/한국/석재가공,100000,
park-1203,목자은혜교회,자연장,안치노무비,150000,
park-1203,목자은혜교회,자연장,"한국장례문화진흥원 [04552] 서울특별시 중구 수표로 23 인농빌딩 7층, TEL : 1577-4129, FAX : 02-6919-",1475,
park-1204,인천가족공원 자연장지,기본비용,수목장림 및 잔디장사용료,600000,
park-1204,인천가족공원 자연장지,수목장,수목장림 및 잔디장관리료 (1년),10000,
park-1204,인천가족공원 자연장지,기본비용,정원식수목장사용료,1000000,
park-1204,인천가족공원 자연장지,수목장,정원식수목장관리료 (1년),10000,
park-1204,인천가족공원 자연장지,기본비용,수목장림 및 잔디장사용료,600000,
park-1204,인천가족공원 자연장지,수목장,수목장림 및 잔디장관리료 (1년),10000,
park-1204,인천가족공원 자연장지,기본비용,정원식수목장사용료,1000000,
park-1204,인천가족공원 자연장지,수목장,정원식수목장관리료 (1년),10000,
park-1204,인천가족공원 자연장지,자연장,"한국장례문화진흥원 [04552] 서울특별시 중구 수표로 23 인농빌딩 7층, TEL : 1577-4129, FAX : 02-6919-",1475,
park-1205,하늘동산 자연장지,자연장,대가족형,10000000,
park-1205,하늘동산 자연장지,자연장,특별형,20000000,
park-1205,하늘동산 자연장지,자연장,부부형,3000000,
park-1205,하늘동산 자연장지,자연장,가족형,5000000,
park-1205,하늘동산 자연장지,관리비,관리비10년/이장시 반환,200000,
park-1205,하늘동산 자연장지,자연장,안치비용,150000,
park-1205,하늘동산 자연장지,자연장,오석표지석20cm*10cm/오석/중국/한국/석재가공,100000,
park-1205,하늘동산 자연장지,자연장,"한국장례문화진흥원 [04552] 서울특별시 중구 수표로 23 인농빌딩 7층, TEL : 1577-4129, FAX : 02-6919-",1475,
park-1206,의성군 천제공원(수목·잔디),잔디장,"잔디장지 (개인,관내)30년",600000,
park-1206,의성군 천제공원(수목·잔디),수목장,"수목장 (개인,공동목,관내)30년",1200000,
park-1206,의성군 천제공원(수목·잔디),잔디장,"잔디장지 (합장,관내)30년",300000,
park-1206,의성군 천제공원(수목·잔디),수목장,"수목장 (합장,관내)30년",600000,
park-1206,의성군 천제공원(수목·잔디),자연장,"한국장례문화진흥원 [04552] 서울특별시 중구 수표로 23 인농빌딩 7층, TEL : 1577-4129, FAX : 02-6919-",1475,
park-1207,(재)호정공원(자연장),관리비,"공동수목 1기사용료 / 안장비 별도,공동관리비 별도 (23,600원/년)",2900000,
park-1207,(재)호정공원(자연장),관리비,"가족수목 2기사용료 / 안장비 별도, 공동관리비 별도 (35,600원/년)",7100000,
park-1207,(재)호정공원(자연장),관리비,"가족수목 4기사용료 / 안장비 별도, 공동관리비 별도 (71,200원/년)",11900000,
park-1207,(재)호정공원(자연장),관리비,"가족수목 8기사용료 / 안장비 별도, 공동관리비 별도 (142,400원/년)",21500000,
park-1207,(재)호정공원(자연장),관리비,"잔디장 1기사용료 / 안장비 별도, 공동관리비 별도 (23,600원/년)",2300000,
park-1207,(재)호정공원(자연장),관리비,"화초장 1기사용료 / 안장비 별도, 공동관리비 별도 (35,600원/년)",2900000,
park-1207,(재)호정공원(자연장),자연장,안장비,300000,
park-1207,(재)호정공원(자연장),자연장,"표지석오석, 고흥, 아프리카레드",150000,
park-1207,(재)호정공원(자연장),자연장,"한국장례문화진흥원 [04552] 서울특별시 중구 수표로 23 인농빌딩 7층, TEL : 1577-4129, FAX : 02-6919-",1475,
park-1208,늘푸른수목장,관리비,개인목 (1인)/황금측백관리비3만 (1년)/10년선납,2000000,
park-1208,늘푸른수목장,관리비,부부목 (2인)/에메랄드골드관리비5만 (1년)/10년선납,4000000,
park-1208,늘푸른수목장,관리비,부부목 (2인)/오엽송관리비6만 (1년)/10년선납,5000000,
park-1208,늘푸른수목장,관리비,가족목 (4인)/향나무관리비8만 (1년)/10년선납,8000000,
park-1208,늘푸른수목장,관리비,가족목 (6인)/반송관리비15만 (1년)/10년선납,15000000,
park-1208,늘푸른수목장,관리비,잔디 (1인)관리비1만 (1년)/10년선납,600000,
park-1208,늘푸른수목장,자연장,추가안치비,1000000,
park-1208,늘푸른수목장,자연장,한지함,100000,
park-1208,늘푸른수목장,석물비,비석고인성함기본/추가문구별도,150000,
park-1208,늘푸른수목장,자연장,"한국장례문화진흥원 [04552] 서울특별시 중구 수표로 23 인농빌딩 7층, TEL : 1577-4129, FAX : 02-6919-",1475,
park-1209,신광사 수목장,수목장,"황금측백나무개인목, 1인 안치",4000000,
park-1209,신광사 수목장,수목장,"주목나무개인목, 부부목, 1인~ 2인 안치",7000000,
park-1209,신광사 수목장,수목장,"육송나무개인목, 부부목, 1인~ 2인 안치",7000000,
park-1209,신광사 수목장,수목장,"황금반송개인목, 부부목, 1인~ 2인 안치",16000000,
park-1209,신광사 수목장,수목장,"전나무개인목, 부부목, 1인~ 2인 안치",11000000,
park-1209,신광사 수목장,수목장,"편백 (삼)나무개인목, 부부목, 1인~ 4인 안치",12000000,
park-1209,신광사 수목장,수목장,"소나무 (해송)개인목, 부부목, 가족목, 1인~ 16인 안치",16000000,
park-1209,신광사 수목장,관리비,관리비상품 구분없이 나무 1기당/10년 관리비 선납,500000,
park-1209,신광사 수목장,자연장,"한국장례문화진흥원 [04552] 서울특별시 중구 수표로 23 인농빌딩 7층, TEL : 1577-4129, FAX : 02-6919-",1475,
park-1210,서울신흥교회 하늘계단수목장,수목장,"잔디장, 공동목1위",50000,
park-1210,서울신흥교회 하늘계단수목장,수목장,수목 (500만원~ 1000만원미만)1~2위,100000,
park-1210,서울신흥교회 하늘계단수목장,수목장,수목 (1000만원~ 1500만원미만)1~4위,130000,
park-1210,서울신흥교회 하늘계단수목장,수목장,수목 (1500만원~ 2000만원미만)1~5위,170000,
park-1210,서울신흥교회 하늘계단수목장,수목장,수목 (2000만원~ 4000만원미만)1~6위,200000,
park-1210,서울신흥교회 하늘계단수목장,수목장,수목 (4000만원~)1~구역내 제한없슴,300000,
park-1210,서울신흥교회 하늘계단수목장,수목장,"수목 (4,000만원~)1~구역내 제한없슴",500000,
park-1210,서울신흥교회 하늘계단수목장,자연장,표지석 소가로15*세로,10200000,
park-1210,서울신흥교회 하늘계단수목장,자연장,"한국장례문화진흥원 [04552] 서울특별시 중구 수표로 23 인농빌딩 7층, TEL : 1577-4129, FAX : 02-6919-",1475,
park-1211,무량수목장,잔디장,잔디장,2000000,[규격: 30*30cm]
park-1211,무량수목장,자연장,"반송,황금측백",3500000,[규격: 30*30cm]
park-1211,무량수목장,자연장,문그루,4000000,[규격: 40*40cm]
park-1211,무량수목장,자연장,문그루,7000000,[규격: 50*50cm]
park-1211,무량수목장,자연장,반송,8000000,[규격: 50*50cm]
park-1211,무량수목장,수목장,소나무,12000000,[규격: 70*70cm]
park-1211,무량수목장,자연장,황금측백,12000000,[규격: 70*70cm]
park-1211,무량수목장,수목장,소나무,16000000,[규격: 100*100cm]
park-1211,무량수목장,자연장,"한국장례문화진흥원 [04552] 서울특별시 중구 수표로 23 인농빌딩 7층, TEL : 1577-4129, FAX : 02-6919-",1475,
park-1212,옥마기도회,자연장,2인형개인형 부부형 가능,3000000,
park-1212,옥마기도회,자연장,8인형개인형 부부형 가족형 가능,6000000,
park-1212,옥마기도회,자연장,10인형개인형 부부형 가족형 문중형 가능,10000000,
park-1212,옥마기도회,자연장,목함1기,20000,
park-1212,옥마기도회,자연장,표지석1기,100000,
park-1212,옥마기도회,자연장,화병1개,40000,
park-1212,옥마기도회,자연장,조화1개,10000,
park-1212,옥마기도회,자연장,"한국장례문화진흥원 [04552] 서울특별시 중구 수표로 23 인농빌딩 7층, TEL : 1577-4129, FAX : 02-6919-",1475,
park-1213,함양하늘공원(자연장지),수목장,수목장 토지사용비1기당,5400000,
park-1213,함양하늘공원(자연장지),관리비,수목장 관리비1년당,100000,
park-1213,함양하늘공원(자연장지),수목장,수목장 안장비1기당,500000,
park-1213,함양하늘공원(자연장지),수목장,수목조성비1기당,2600000,
park-1213,함양하늘공원(자연장지),자연장,추가 안장비1기당,2000000,
park-1213,함양하늘공원(자연장지),자연장,유골함20cm,30000,
park-1213,함양하늘공원(자연장지),부대비용,명패나무재질 명패,150000,
park-1213,함양하늘공원(자연장지),자연장,"한국장례문화진흥원 [04552] 서울특별시 중구 수표로 23 인농빌딩 7층, TEL : 1577-4129, FAX : 02-6919-",1475,
park-1214,북한강광명수목장,관리비,잔디장/개인형 (1위)관리비5만원 (1년)/5년선납,2000000,
park-1214,북한강광명수목장,관리비,소나무분재/개인형 (1위)관리비10만원 (1년)/5년선납,4000000,
park-1214,북한강광명수목장,관리비,향나무 황금측백/개인형 (1위)관리비10만원 (1년)/5년선납,4000000,
park-1214,북한강광명수목장,관리비,반송 /부부목 (2위)관리비10만원 (1년)/5년선납,6000000,
park-1214,북한강광명수목장,관리비,반송 /가족목 (4위)관리비15만원 (1년)/5년선납,13000000,
park-1214,북한강광명수목장,관리비,주목 /부부목 (2위)관리비10만원 (1년)/5년선납,8000000,
park-1214,북한강광명수목장,관리비,주목 /가족목 (4위)관리비15만원 (1년)/5년선납,15000000,
park-1214,북한강광명수목장,자연장,"한국장례문화진흥원 [04552] 서울특별시 중구 수표로 23 인농빌딩 7층, TEL : 1577-4129, FAX : 02-6919-",1475,
park-1215,서남권추모공원 자연장지,수목장,관내 (정읍시)-잔디장·수목장 1위45년,500000,
park-1215,서남권추모공원 자연장지,수목장,도내-잔디장·수목장 1위45년,800000,
park-1215,서남권추모공원 자연장지,수목장,관외-잔디장·수목장 1위45년,1000000,
park-1215,서남권추모공원 자연장지,자연장,관내 (정읍시)-국민기초생활수급자 (1위)45년 (50%감면),250000,
park-1215,서남권추모공원 자연장지,자연장,관내 (정읍시)-국가유공자 (1위)45년 (50%감면),250000,
park-1215,서남권추모공원 자연장지,자연장,안장비 (유골함 제외)1식국산,200000,
park-1215,서남권추모공원 자연장지,자연장,안장비 (유골함 포함) 1식국산,320000,
park-1215,서남권추모공원 자연장지,자연장,"한국장례문화진흥원 [04552] 서울특별시 중구 수표로 23 인농빌딩 7층, TEL : 1577-4129, FAX : 02-6919-",1475,
park-1216,보배숲추모공원(산림조합),관리비,"가족목 (A등급)사용료440만원, 관리비300만원 (기간:30년/4윌까지)",7400000,
park-1216,보배숲추모공원(산림조합),관리비,"가족목 (B등급)사용료330만원,관리비300만원 (기간:30년/4위까지)",6300000,
park-1216,보배숲추모공원(산림조합),관리비,"가족목 (C등급)사용료220만원,관리비300만원 (기간:30년/4위까지)",5200000,
park-1216,보배숲추모공원(산림조합),관리비,"공동목사용료70만원,관리비150만원 (기간:30년)",2200000,
park-1216,보배숲추모공원(산림조합),관리비,"봉안담사용료90만원,1년관리비3만원 (기간:15년)",1350000,
park-1216,보배숲추모공원(산림조합),관리비,"잔디장 (관내)사뇽료40만원,관리비45만원 (기간:15년)",850000,
park-1216,보배숲추모공원(산림조합),관리비,"잔디장 (관외)사뇽료80만원,관리비45만원 (기간:15년)",1250000,
park-1216,보배숲추모공원(산림조합),자연장,"한국장례문화진흥원 [04552] 서울특별시 중구 수표로 23 인농빌딩 7층, TEL : 1577-4129, FAX : 02-6919-",1475,
park-1217,하늘소풍수목장(호산나교회),관리비,잔디형1위 안치/관리비1년:4만원/5년 선납,2000000,
park-1217,하늘소풍수목장(호산나교회),관리비,공동형1위 안치/관리비1년:5만원/5년 선납,3000000,
park-1217,하늘소풍수목장(호산나교회),관리비,잔디수목형1위 안치/관리비1년:5만원/5년 선납,3500000,
park-1217,하늘소풍수목장(호산나교회),관리비,개인형기본 (1위) 안치/관리비1년:6만원/5년 선납,6000000,
park-1217,하늘소풍수목장(호산나교회),관리비,부부형기본 2위 안치/관리비1년:8만원/5년 선납,9000000,
park-1217,하늘소풍수목장(호산나교회),관리비,가족형 (4위~)기본 4위 이상 안치~/관리비1년:12만원/5년 선납,15000000,
park-1217,하늘소풍수목장(호산나교회),관리비,가족형 (6위~)기본 6위 이상 안치~/관리비1년:18만원/5년 선납,20000000,
park-1217,하늘소풍수목장(호산나교회),자연장,"한국장례문화진흥원 [04552] 서울특별시 중구 수표로 23 인농빌딩 7층, TEL : 1577-4129, FAX : 02-6919-",1475,
park-1218,(재)여주세종추모공원 자연장,자연장,개인 안치개인사용 면적 협의,4000000,
park-1218,(재)여주세종추모공원 자연장,수목장,개인사용 (부부포함)개인사용 수목종류 협의,8000000,
park-1218,(재)여주세종추모공원 자연장,자연장,"한국장례문화진흥원 [04552] 서울특별시 중구 수표로 23 인농빌딩 7층, TEL : 1577-4129, FAX : 02-6919-",1475,
park-1219,천탑사 수목장(그린피아),관리비,개인장 (영구안치)관리비 년3만/5년선납,2000000,
park-1219,천탑사 수목장(그린피아),관리비,부부장 (영구안치)관리비 년5만/5년선납,4000000,
park-1219,천탑사 수목장(그린피아),관리비,공동목 (영구안치)관리비 년5만/5년선납,3000000,
park-1219,천탑사 수목장(그린피아),관리비,개인목 (영구안치)관리비 년8만/5년선납,4000000,
park-1219,천탑사 수목장(그린피아),관리비,부부목 (영구안치)관리비 년10만/5년선납,5000000,
park-1219,천탑사 수목장(그린피아),관리비,가족목 (영구안치)관리비 년15만/5년선납,10000000,
park-1219,천탑사 수목장(그린피아),자연장,"한국장례문화진흥원 [04552] 서울특별시 중구 수표로 23 인농빌딩 7층, TEL : 1577-4129, FAX : 02-6919-",1475,
park-1220,국립하늘숲추모원,관리비,A목 사용료 및 관리비가족목 (15년),2325000,
park-1220,국립하늘숲추모원,관리비,B목 사용료 및 관리비가족목 (15년),2265000,
park-1220,국립하늘숲추모원,관리비,C목 사용료 및 관리비가족목 (15년),2205000,
park-1220,국립하늘숲추모원,관리비,A목 사용료 및 관리비공동목 (15년),735000,
park-1220,국립하늘숲추모원,관리비,B목 사용료 및 관리비공동목 (15년),723000,
park-1220,국립하늘숲추모원,관리비,C목 사용료 및 관리비공동목 (15년),711000,
park-1220,국립하늘숲추모원,자연장,"한국장례문화진흥원 [04552] 서울특별시 중구 수표로 23 인농빌딩 7층, TEL : 1577-4129, FAX : 02-6919-",1475,
park-1221,영광군 공설추모공원 자연장지,자연장,"[관내] 개인장1기, 30년",250000,
park-1221,영광군 공설추모공원 자연장지,자연장,"[관외] 개인장1기, 30년",600000,
park-1221,영광군 공설추모공원 자연장지,자연장,"[관내] 부부장2기, 30년",550000,
park-1221,영광군 공설추모공원 자연장지,자연장,"[관외] 부부장2기, 30년",1200000,
park-1221,영광군 공설추모공원 자연장지,수목장,[관내] 가족장1주*8기 기준 / 30년 / 수목형만 해당,3200000,
park-1221,영광군 공설추모공원 자연장지,수목장,[관외] 가족장1주*8기 기준 / 30년 / 수목형만 해당,6400000,
park-1221,영광군 공설추모공원 자연장지,자연장,"한국장례문화진흥원 [04552] 서울특별시 중구 수표로 23 인농빌딩 7층, TEL : 1577-4129, FAX : 02-6919-",1475,
park-1222,수불사추모공원,관리비,"1층 프리미엄관 일반실 1단관리비-(5년) 일시 납 : 300,000원",3500000,
park-1222,수불사추모공원,관리비,"1층 프리미엄관 일반실 2단관리비-(5년) 일시 납 : 300,000원",4500000,
park-1222,수불사추모공원,관리비,"1층 프리미엄관 일반실 3단관리비-(5년) 일시 납 : 300,000원",5500000,
park-1222,수불사추모공원,관리비,"1층 프리미엄관 일반실 4단관리비-(5년) 일시 납 : 300,000원",6500000,
park-1222,수불사추모공원,관리비,"1층 프리미엄관 일반실 5단관리비-(5년) 일시 납 : 300,000원",7500000,
park-1222,수불사추모공원,관리비,"1층 프리미엄관 일반실 6단관리비-(5년) 일시 납 : 300,000원",6500000,
park-1222,수불사추모공원,관리비,"1층 프리미엄관 일반실 7단관리비-(5년) 일시 납 : 300,000원",5500000,
park-1222,수불사추모공원,관리비,"1층 프리미엄관 일반실 8단관리비-(5년) 일시 납 : 300,000원",4500000,
park-1222,수불사추모공원,관리비,"1층 프리미엄관 고급실 1단관리비-(5년) 일시 납 : 300,000원",4500000,
park-1222,수불사추모공원,관리비,"1층 프리미엄관 고급실 2단관리비-(5년) 일시 납 : 300,000원",5500000,
park-1222,수불사추모공원,관리비,"1층 프리미엄관 고급실 3단관리비-(5년) 일시 납 : 300,000원",6500000,
park-1222,수불사추모공원,관리비,"1층 프리미엄관 고급실 4단관리비-(5년) 일시 납 : 300,000원",7500000,
park-1222,수불사추모공원,관리비,"1층 프리미엄관 고급실 5단관리비-(5년) 일시 납 : 300,000원",8500000,
park-1222,수불사추모공원,관리비,"1층 프리미엄관 고급실 6단관리비-(5년) 일시 납 : 300,000원",7500000,
park-1222,수불사추모공원,관리비,"1층 프리미엄관 고급실 7단관리비-(5년) 일시 납 : 300,000원",6500000,
park-1222,수불사추모공원,관리비,"1층 프리미엄관 고급실 8단관리비-(5년) 일시 납 : 300,000원",5500000,
park-1222,수불사추모공원,관리비,"1층 프리미엄관 일반실 1단 (좌, 우)관리비-(5년) 일시 납 : 600,000원",7000000,
park-1222,수불사추모공원,관리비,"1층 프리미엄관 일반실 2단 (좌, 우)관리비-(5년) 일시 납 : 600,000원",9000000,
park-1222,수불사추모공원,관리비,"1층 프리미엄관 일반실 3단 (좌, 우)관리비-(5년) 일시 납 : 600,000원",11000000,
park-1222,수불사추모공원,관리비,"1층 프리미엄관 일반실 4단 (좌, 우)관리비-(5년) 일시 납 : 600,000원",13000000,
park-1222,수불사추모공원,관리비,"1층 프리미엄관 일반실 5 (좌, 우)관리비-(5년) 일시 납 : 600,000원",15000000,
park-1222,수불사추모공원,관리비,"1층 프리미엄관 일반실 6단 (좌, 우)관리비-(5년) 일시 납 : 600,000원",13000000,
park-1222,수불사추모공원,관리비,"1층 프리미엄관 일반실 7단 (좌, 우)관리비-(5년) 일시 납 : 600,000원",11000000,
park-1222,수불사추모공원,관리비,"1층 프리미엄관 일반실 8단 (좌, 우)관리비-(5년) 일시 납 : 600,000원",9000000,
park-1222,수불사추모공원,관리비,"1층 프리미엄관 고급실 1단 (좌, 우)관리비-(5년) 일시 납 : 600,000원",9000000,
park-1222,수불사추모공원,관리비,"1층 프리미엄관 고급실 2단 (좌, 우)관리비-(5년) 일시 납 : 600,000원",11000000,
park-1222,수불사추모공원,관리비,"1층 프리미엄관 고급실 3단 (좌, 우)관리비-(5년) 일시 납 : 600,000원",13000000,
park-1222,수불사추모공원,관리비,"1층 프리미엄관 고급실 4단 (좌, 우)관리비-(5년) 일시 납 : 600,000원",15000000,
park-1222,수불사추모공원,관리비,"1층 프리미엄관 고급실 5단 (좌, 우)관리비-(5년) 일시 납 : 600,000원",17000000,
park-1222,수불사추모공원,관리비,"1층 프리미엄관 고급실 6단 (좌, 우)관리비-(5년) 일시 납 : 600,000원",15000000,
park-1222,수불사추모공원,관리비,"1층 프리미엄관 고급실 7단 (좌, 우)관리비-(5년) 일시 납 : 600,000원",13000000,
park-1222,수불사추모공원,관리비,"1층 프리미엄관 고급실 8단 (좌, 우)관리비-(5년) 일시 납 : 600,000원",11000000,
park-1222,수불사추모공원,관리비,"2층 로얄관 개인단 전면 1단관리비-(5년) 일시 납 : 300,000원",3500000,
park-1222,수불사추모공원,관리비,"2층 로얄관 개인단 전면 2단관리비-(5년) 일시 납 : 300,000원",4500000,
park-1222,수불사추모공원,관리비,"2층 로얄관 개인단 전면 3단관리비-(5년) 일시 납 : 300,000원",5500000,
park-1222,수불사추모공원,관리비,"2층 로얄관 개인단 전면 4단관리비-(5년) 일시 납 : 300,000원",6500000,
park-1222,수불사추모공원,관리비,"2층 로얄관 개인단 전면 5단관리비-(5년) 일시 납 : 300,000원",7000000,
park-1222,수불사추모공원,관리비,"2층 로얄관 개인단 전면 6단관리비-(5년) 일시 납 : 300,000원",6500000,
park-1222,수불사추모공원,관리비,"2층 로얄관 개인단 전면 7단관리비-(5년) 일시 납 : 300,000원",5500000,
park-1222,수불사추모공원,관리비,"2층 로얄관 개인단 전면 8단관리비-(5년) 일시 납 : 300,000원",4500000,
park-1222,수불사추모공원,관리비,"2층 로얄관 개인단 측면 1단관리비-(5년) 일시 납 : 300,000원",3000000,
park-1222,수불사추모공원,관리비,"2층 로얄관 개인단 측면 2단관리비-(5년) 일시 납 : 300,000원",4000000,
park-1222,수불사추모공원,관리비,"2층 로얄관 개인단 측면 3단관리비-(5년) 일시 납 : 300,000원",5000000,
park-1222,수불사추모공원,관리비,"2층 로얄관 개인단 측면 4단관리비-(5년) 일시 납 : 300,000원",6000000,
park-1222,수불사추모공원,관리비,"2층 로얄관 개인단 측면 5단관리비-(5년) 일시 납 : 300,000원",6500000,
park-1222,수불사추모공원,관리비,"2층 로얄관 개인단 측면 6단관리비-(5년) 일시 납 : 300,000원",6000000,
park-1222,수불사추모공원,관리비,"2층 로얄관 개인단 측면 7단관리비-(5년) 일시 납 : 300,000원",5000000,
park-1222,수불사추모공원,관리비,"2층 로얄관 개인단 측면 8단관리비-(5년) 일시 납 : 300,000원",4000000,
park-1222,수불사추모공원,관리비,"2층 로얄관 부부단 측면 1단 (좌, 우)관리비-(5년) 일시 납 : 600,000원",6000000,
park-1222,수불사추모공원,관리비,"2층 로얄관 부부단 측면 2단 (좌, 우)관리비-(5년) 일시 납 : 600,000원",8000000,
park-1222,수불사추모공원,관리비,"2층 로얄관 부부단 측면 3단 (좌, 우)관리비-(5년) 일시 납 : 600,000원",10000000,
park-1222,수불사추모공원,관리비,"2층 로얄관 부부단 측면 4단 (좌, 우)관리비-(5년) 일시 납 : 600,000원",12000000,
park-1222,수불사추모공원,관리비,"2층 로얄관 부부단 측면 5단 (좌, 우)관리비-(5년) 일시 납 : 600,000원",13000000,
park-1222,수불사추모공원,관리비,"2층 로얄관 부부단 측면 6단 (좌, 우)관리비-(5년) 일시 납 : 600,000원",12000000,
park-1222,수불사추모공원,관리비,"2층 로얄관 부부단 측면 7단 (좌, 우)관리비-(5년) 일시 납 : 600,000원",10000000,
park-1222,수불사추모공원,관리비,"2층 로얄관 부부단 측면 8단 (좌, 우)관리비-(5년) 일시 납 : 600,000원",8000000,
park-1222,수불사추모공원,관리비,"2층 로얄관 부부단 전면 1단 (좌, 우)관리비-(5년) 일시 납 : 600,000원",7000000,
park-1222,수불사추모공원,관리비,"2층 로얄관 부부단 전면 2단 (좌, 우)관리비-(5년) 일시 납 : 600,000원",9000000,
park-1222,수불사추모공원,관리비,"2층 로얄관 부부단 전면 3단 (좌, 우)관리비-(5년) 일시 납 : 600,000원",11000000,
park-1222,수불사추모공원,관리비,"2층 로얄관 부부단 전면 4단 (좌, 우)관리비-(5년) 일시 납 : 600,000원",13000000,
park-1222,수불사추모공원,관리비,"2층 로얄관 부부단 전면 5단 (좌, 우)관리비-(5년) 일시 납 : 600,000원",14000000,
park-1222,수불사추모공원,관리비,"2층 로얄관 부부단 전면 6단 (좌, 우)관리비-(5년) 일시 납 : 600,000원",13000000,
park-1222,수불사추모공원,관리비,"2층 로얄관 부부단 전면 7단 (좌, 우)관리비-(5년) 일시 납 : 600,000원",11000000,
park-1222,수불사추모공원,관리비,"2층 로얄관 부부단 전면 8단 (좌, 우)관리비-(5년) 일시 납 : 600,000원",9000000,
park-1222,수불사추모공원,자연장,"한국장례문화진흥원 [04552] 서울특별시 중구 수표로 23 인농빌딩 7층, TEL : 1577-4129, FAX : 02-6919-",1475,
park-1223,제천시영원한쉼터 자연장지,자연장,"개인단 (관내)1구,제천시 관내,40년",500000,
park-1223,제천시영원한쉼터 자연장지,자연장,"부부단 (관내)2구,제천시 관내,50년",1000000,
park-1223,제천시영원한쉼터 자연장지,자연장,"개인단 (충북도관내,중부내륙 중심권)충북도 관내, 중부내륙 중심권 행정협력 시군은 단양군,영월군,평창군,영주시,봉화군을 말함",800000,
park-1223,제천시영원한쉼터 자연장지,자연장,"부부단 (충북도관내,중부내륙 중심권)충북도 관내, 중부내륙 중심권 행정협력 시군은 단양군,영월군,평창군,영주시,봉화군을 말함",1600000,
park-1223,제천시영원한쉼터 자연장지,자연장,"개인단 (충북도 관외)1구,40년",1000000,
park-1223,제천시영원한쉼터 자연장지,자연장,"부부단 (충북도 관외)2구,50년",2000000,
park-1223,제천시영원한쉼터 자연장지,자연장,"한국장례문화진흥원 [04552] 서울특별시 중구 수표로 23 인농빌딩 7층, TEL : 1577-4129, FAX : 02-6919-",1475,
park-1224,울진군립추모원(자연장지),관리비,"잔디장 (개인장,관내자)1기,최초 30년,1회 연장가능,관리비 포함",600000,
park-1224,울진군립추모원(자연장지),관리비,"잔디장 (개인장,관외자)1기,최초 30년,1회 연장가능,관리비 포함",1200000,
park-1224,울진군립추모원(자연장지),관리비,"잔디장 (부부장,관내자)2기,최초 30년,1회 연장가능,관리비 포함",1200000,
park-1224,울진군립추모원(자연장지),관리비,"잔디장 (부부장,관외자)2기,최초 30년,1회 연장가능,관리비 포함",2400000,
park-1224,울진군립추모원(자연장지),관리비,"잔디장 (가족장,관내자)4기,최초 30년,1회 연장가능,관리비 포함",2400000,
park-1224,울진군립추모원(자연장지),관리비,"잔디장 (가족장,관외자)4기,최초 30년,1회 연장가능,관리비 포함",4800000,
park-1224,울진군립추모원(자연장지),자연장,"한국장례문화진흥원 [04552] 서울특별시 중구 수표로 23 인농빌딩 7층, TEL : 1577-4129, FAX : 02-6919-",1475,
park-1225,여주추모공원 자연장지,관리비,"사용료/관리비사용기간 30년, 1회 연장 (15년) / 관내-개인",350000,
park-1225,여주추모공원 자연장지,관리비,"사용료/관리비사용기간 30년, 1회 연장 (15년) /관내-부부",525000,
park-1225,여주추모공원 자연장지,관리비,"사용료/관리비사용기간 30년, 1회 연장 (15년) /관외-개인",700000,
park-1225,여주추모공원 자연장지,관리비,"사용료/관리비사용기간 30년, 1회 연장 (15년) /관외-부부",1050000,
park-1225,여주추모공원 자연장지,관리비,"사용료/관리비사용기간 30년, 1회 연장 (15년) /관내-개인-사망 당시 추모공원 소재지에 주민등록상 주소를 둔자",150000,
park-1225,여주추모공원 자연장지,관리비,"사용료/관리비사용기간 30년, 1회 연장 (15년) /관내-부부-사망 당시 추모공원 소재지에 주민등록상 주소를 둔자",225000,
park-1225,여주추모공원 자연장지,자연장,"한국장례문화진흥원 [04552] 서울특별시 중구 수표로 23 인농빌딩 7층, TEL : 1577-4129, FAX : 02-6919-",1475,
park-1226,(재)용인공원(자연장),자연장,자연장지묘지조성에 대한 원가요소별 산정금액임.,5630000,
park-1226,(재)용인공원(자연장),관리비,"수목장 관리비 (계약 평수에 따라 산정)평 당 관리비 : 20,000원/년 (추후 물가상승률 등에 따라 인상될 수 있음)",25000,
park-1226,(재)용인공원(자연장),자연장,"한국장례문화진흥원 [04552] 서울특별시 중구 수표로 23 인농빌딩 7층, TEL : 1577-4129, FAX : 02-6919-",1475,
park-1227,경주하늘수목장림,기본비용,가족목 (A등급) : 30년 사용료 (지형과) 수종에 따라 추모목 구분,6000000,
park-1227,경주하늘수목장림,기본비용,기족목 (B등급) : 30년 사용료 (지형과) 수종에 따라 추모목 구분,5000000,
park-1227,경주하늘수목장림,기본비용,가족목 (C등급) : 30년 사용료 (지형과) 수종에 따라 추모목 구분,4000000,
park-1227,경주하늘수목장림,기본비용,공동목 : 30년 사용료 (가족이) 아닌 추모목,600000,
park-1227,경주하늘수목장림,관리비,"가족목 (A B C) : 10년 선납 관리비관리비는 1그루당 골분4위안치 기준,5위부터는 1위당 년간 30000원 추가납부.",1200000,
park-1227,경주하늘수목장림,관리비,공동목 : 10년 선납 관리비1그루당 골분 (1위) 안치 기준.,290000,
park-1227,경주하늘수목장림,자연장,"한국장례문화진흥원 [04552] 서울특별시 중구 수표로 23 인농빌딩 7층, TEL : 1577-4129, FAX : 02-6919-",1475,
park-1228,의왕하늘쉼터(자연장),관리비,잔디장 사용료 및 관리비 (30년)관내 자격,680000,
park-1228,의왕하늘쉼터(자연장),관리비,잔디부부장 사용료 및 관리비 (30년)관내 자격,1160000,
park-1228,의왕하늘쉼터(자연장),관리비,공동형 개인장 사용료 및 관리비 (30년)관내 자격,680000,
park-1228,의왕하늘쉼터(자연장),관리비,부부장 사용료 및 관리비 (30년)관내 자격,1160000,
park-1228,의왕하늘쉼터(자연장),관리비,가족장 사용료 및 관리비 (30년)관내 자격,1840000,
park-1228,의왕하늘쉼터(자연장),자연장,"한국장례문화진흥원 [04552] 서울특별시 중구 수표로 23 인농빌딩 7층, TEL : 1577-4129, FAX : 02-6919-",1475,
park-1229,와동꽃빛공원 자연장지,수목장,개인장 (수목형)유골1구/45년,626000,
park-1229,와동꽃빛공원 자연장지,수목장,부부장 (수목형)유골2구/45년,1214000,
park-1229,와동꽃빛공원 자연장지,수목장,가족장 (수목형)유골3구~8구까지/45년,4856000,
park-1229,와동꽃빛공원 자연장지,잔디장,개인장 (잔디형)유골1구/45년,489000,
park-1229,와동꽃빛공원 자연장지,잔디장,부부장 (잔디형)유골2구/45년,987000,
park-1229,와동꽃빛공원 자연장지,자연장,"한국장례문화진흥원 [04552] 서울특별시 중구 수표로 23 인농빌딩 7층, TEL : 1577-4129, FAX : 02-6919-",1475,
park-1230,울산하늘공원 자연장지,기본비용,잔디장 사용료 (관내)(울산) 30년,300000,
park-1230,울산하늘공원 자연장지,기본비용,잔디장 사용료 (관외) 30년,1000000,
park-1230,울산하늘공원 자연장지,기본비용,수목장 사용료 (관내) (울산) 30년,1400000,
park-1230,울산하늘공원 자연장지,자연장,공동표지석인조대리석,50000,
park-1230,울산하늘공원 자연장지,자연장,개인표지석자연석,80000,
park-1230,울산하늘공원 자연장지,자연장,"한국장례문화진흥원 [04552] 서울특별시 중구 수표로 23 인농빌딩 7층, TEL : 1577-4129, FAX : 02-6919-",1475,
park-1231,(재)서호추모공원 자연장지,관리비,부부형영구안치/관리비 (년6만)/(5년선납),8000000,
park-1231,(재)서호추모공원 자연장지,관리비,가족형영구안치/관리비 (년8만)/5년선납,12000000,
park-1231,(재)서호추모공원 자연장지,관리비,대가족형영구안치/관리비 (년10만)/5년선납,26000000,
park-1231,(재)서호추모공원 자연장지,관리비,개인형영구안치/관리비 (년3만)/5년선납,2000000,
park-1231,(재)서호추모공원 자연장지,관리비,부부형영구안치/관리비 (년3만)/5년선납,4000000,
park-1231,(재)서호추모공원 자연장지,자연장,"한국장례문화진흥원 [04552] 서울특별시 중구 수표로 23 인농빌딩 7층, TEL : 1577-4129, FAX : 02-6919-",1475,
park-1232,(재)만어추모공원 수목장,관리비,"공동목가격 400만원, 관리비 (년)/ 5만원, 12위",4000000,
park-1232,(재)만어추모공원 수목장,관리비,"개인목가격 500~2000만원, 관리비 (년)/8만원, (1위)",5000000,
park-1232,(재)만어추모공원 수목장,관리비,"부부목가격 600~2000만원, 관리비 (년)/10만원, 2위",6000000,
park-1232,(재)만어추모공원 수목장,관리비,"가족목가격 1,500~3000만원, 관리비 (년)15만원, 6위~8위",15000000,
park-1232,(재)만어추모공원 수목장,관리비,"대가족목가격3000~만원, 관리비 (년)20만원, 8위~10위",30000000,
park-1232,(재)만어추모공원 수목장,자연장,"한국장례문화진흥원 [04552] 서울특별시 중구 수표로 23 인농빌딩 7층, TEL : 1577-4129, FAX : 02-6919-",1475,
park-1233,(재)지평선전북공원묘원(자연),자연장,(1기) (안치포함)표지석별도,1650000,
park-1233,(재)지평선전북공원묘원(자연),자연장,(1기) (안치포함)표지석별도,2200000,
park-1233,(재)지평선전북공원묘원(자연),관리비,관리비10년관리비,300000,
park-1233,(재)지평선전북공원묘원(자연),자연장,표지석 (1기)준/각자비포함)가로:25cm 세로:15cm,150000,
park-1233,(재)지평선전북공원묘원(자연),자연장,유골함 (한지),250000,
park-1233,(재)지평선전북공원묘원(자연),자연장,"한국장례문화진흥원 [04552] 서울특별시 중구 수표로 23 인농빌딩 7층, TEL : 1577-4129, FAX : 02-6919-",1475,
park-1234,쌍계사,자연장,소가족목측백나무 (에메랄드그린),9000000,
park-1234,쌍계사,자연장,중가족목반송,16000000,
park-1234,쌍계사,자연장,대가족목자연송 (해송),30000000,
park-1234,쌍계사,수목장,공동목자연송 (해송),2000000,
park-1234,쌍계사,자연장,1인목반송,5000000,
park-1234,쌍계사,자연장,"한국장례문화진흥원 [04552] 서울특별시 중구 수표로 23 인농빌딩 7층, TEL : 1577-4129, FAX : 02-6919-",1475,
park-1235,분당추모공원휴(자연장),수목장,소나무 수목장6.,516300,
park-1235,분당추모공원휴(자연장),수목장,소나무 수목장6.,5162300,
park-1235,분당추모공원휴(자연장),수목장,소나무 수목장6.,5162500,
park-1235,분당추모공원휴(자연장),수목장,소나무 수목장6.,5163000,
park-1235,분당추모공원휴(자연장),자연장,"한국장례문화진흥원 [04552] 서울특별시 중구 수표로 23 인농빌딩 7층, TEL : 1577-4129, FAX : 02-6919-",1475,
park-1236,광양시립영세공원 자연장지,자연장,"0,000~",200000,
park-1236,광양시립영세공원 자연장지,자연장,"0,000~",200000,
park-1236,광양시립영세공원 자연장지,자연장,"0,000~",200000,
park-1236,광양시립영세공원 자연장지,자연장,"0,000~",200000,
park-1236,광양시립영세공원 자연장지,자연장,"한국장례문화진흥원 [04552] 서울특별시 중구 수표로 23 인농빌딩 7층, TEL : 1577-4129, FAX : 02-6919-",1475,
park-1237,대전추모공원 자연장지,잔디장,잔디형관내 (30년),650000,
park-1237,대전추모공원 자연장지,잔디장,잔디형관외 (30년),800000,
park-1237,대전추모공원 자연장지,수목장,수목형관내 (30년),1500000,
park-1237,대전추모공원 자연장지,수목장,수목형관외 (30년),2000000,
park-1237,대전추모공원 자연장지,자연장,"한국장례문화진흥원 [04552] 서울특별시 중구 수표로 23 인농빌딩 7층, TEL : 1577-4129, FAX : 02-6919-",1475,
park-1238,대한예수장로회 아름기도회 자연장지,관리비,"가족형 A구역4위안치가능1년관리비20,000(추가비용10,000원)",3000000,
park-1238,대한예수장로회 아름기도회 자연장지,관리비,"중가족형 B구역6위안치가능1년관리비20,000(추가비용10,000)",5000000,
park-1238,대한예수장로회 아름기도회 자연장지,관리비,"대가족형c구역48위안치가능 1년관리비20,000(추가비용10,000)",20000000,
park-1238,대한예수장로회 아름기도회 자연장지,관리비,개인형1위안치가능 1년관리비,200001000000,
park-1238,대한예수장로회 아름기도회 자연장지,자연장,"한국장례문화진흥원 [04552] 서울특별시 중구 수표로 23 인농빌딩 7층, TEL : 1577-4129, FAX : 02-6919-",1475,
park-1239,개원추모공원 자연장지,자연장,"한국장례문화진흥원 [04552] 서울특별시 중구 수표로 23 인농빌딩 7층, TEL : 1577-4129, FAX : 02-6919-",1475,
park-1240,김포시추모공원(자연장지),자연장,개인단 (관내)30년 (기간연장없음),800000,
park-1240,김포시추모공원(자연장지),자연장,부부단 (관내)30년 (기간연장없음),1500000,
park-1240,김포시추모공원(자연장지),자연장,개인단 (관외)30년 (기간연장없음),1600000,
park-1240,김포시추모공원(자연장지),자연장,부부단 (관외)30년 (기간연장없음),3000000,
park-1240,김포시추모공원(자연장지),자연장,"한국장례문화진흥원 [04552] 서울특별시 중구 수표로 23 인농빌딩 7층, TEL : 1577-4129, FAX : 02-6919-",1475,
park-1241,수원시연화장 자연장지,자연장,관내주민등록을 두고 1년이상 거주,500000,
park-1241,수원시연화장 자연장지,자연장,관외직계가족이 관내 주민등록을 두고 1년이상 거주,1200000,
park-1241,수원시연화장 자연장지,자연장,자연장비용관내,300000,
park-1241,수원시연화장 자연장지,자연장,자연장비용관외,1000000,
park-1241,수원시연화장 자연장지,자연장,"한국장례문화진흥원 [04552] 서울특별시 중구 수표로 23 인농빌딩 7층, TEL : 1577-4129, FAX : 02-6919-",1475,
park-1242,공주나래원 자연장지,수목장,수목장 (관내)1위 (30년),600000,
park-1242,공주나래원 자연장지,수목장,수목장 (관외)1위 (30년),1000000,
park-1242,공주나래원 자연장지,잔디장,잔디장 (관내)1위 (30년),600000,
park-1242,공주나래원 자연장지,잔디장,잔디장 (관외)1위 (30년),1000000,
park-1242,공주나래원 자연장지,자연장,"한국장례문화진흥원 [04552] 서울특별시 중구 수표로 23 인농빌딩 7층, TEL : 1577-4129, FAX : 02-6919-",1475,
park-1243,사천시 누리원(자연장지),기본비용,개인용 (1구)면적:0.25㎡ 사용료:30년,300000,
park-1243,사천시 누리원(자연장지),관리비,개인용 (1구)-관리비면적:0.25㎡ 사용료:30년 개인용 (1구)-관리비,100000,
park-1243,사천시 누리원(자연장지),기본비용,가족 (2구)면적:0.50㎡ 사용료:30년,600000,
park-1243,사천시 누리원(자연장지),관리비,가족 (2구)-관리비면적:0.50㎡ 사용료:30년 가족 (2구)-관리비,100000,
park-1243,사천시 누리원(자연장지),자연장,"한국장례문화진흥원 [04552] 서울특별시 중구 수표로 23 인농빌딩 7층, TEL : 1577-4129, FAX : 02-6919-",1475,
park-1244,태백공원묘원 자연장지,자연장,"개인장 (관내)45년이용가능, 연장불가",500000,
park-1244,태백공원묘원 자연장지,자연장,"부부장 (관내)45년이용가능, 연장불가",1004000,
park-1244,태백공원묘원 자연장지,자연장,"개인장 (관외)45년이용가능, 연장불가",1202000,
park-1244,태백공원묘원 자연장지,자연장,"부부장 (관외)45년이용가능, 연장불가",2382000,
park-1244,태백공원묘원 자연장지,자연장,"한국장례문화진흥원 [04552] 서울특별시 중구 수표로 23 인농빌딩 7층, TEL : 1577-4129, FAX : 02-6919-",1475,
park-1245,전주효자자연장,기본비용,자연장 사용료 (개인단),300000,
park-1245,전주효자자연장,기본비용,자연장 사용료 (부부단)(배우자의 안치장소 예매불가),600000,
park-1245,전주효자자연장,기본비용,"자연장 사용료 (공설),공동묘지 개장유골 50% 감면",150000,
park-1245,전주효자자연장,자연장,"한국장례문화진흥원 [04552] 서울특별시 중구 수표로 23 인농빌딩 7층, TEL : 1577-4129, FAX : 02-6919-",1475,
park-1246,안성제일교회 수목장,관리비,"자연수목장 (개인 1기, 안치비및 관리비) 40년가로, 세로, 높이 50cm",1500000,
park-1246,안성제일교회 수목장,수목장,"자연수목장 (부부형 2기, 안치비) 40년간가로, 세로, 높이 50cm",2000000,
park-1246,안성제일교회 수목장,자연장,"한국장례문화진흥원 [04552] 서울특별시 중구 수표로 23 인농빌딩 7층, TEL : 1577-4129, FAX : 02-6919-",1475,
park-1247,기독교대한성결교회 안성교회 자연장지,기본비용,"자연수목장 사용료 (1위 안치비)가로, 세로, 높이 30cm",800000,
park-1247,기독교대한성결교회 안성교회 자연장지,관리비,"자연수목장 관리비 (1위 40년관리)가로, 세로, 높이 30cm",1000000,
park-1247,기독교대한성결교회 안성교회 자연장지,기본비용,"추모목장 사용료 (1위 안치비)가로, 세로, 높이 30cm",800000,
park-1247,기독교대한성결교회 안성교회 자연장지,관리비,"추모목장 관리비 (1위 40년관리)가로, 세로, 높이 30cm",1000000,
park-1247,기독교대한성결교회 안성교회 자연장지,자연장,"한국장례문화진흥원 [04552] 서울특별시 중구 수표로 23 인농빌딩 7층, TEL : 1577-4129, FAX : 02-6919-",1475,
park-1248,안성시추모공원(자연장지),잔디장,잔디장 개인관내자기준 (30년),500000,
park-1248,안성시추모공원(자연장지),잔디장,잔디장 부부관내자기준 (30년),800000,
park-1248,안성시추모공원(자연장지),수목장,수목장가족4위관내자기준 (30년),5200000,
park-1248,안성시추모공원(자연장지),수목장,수목장가족6위관내자기준 (30년),6600000,
park-1248,안성시추모공원(자연장지),자연장,"한국장례문화진흥원 [04552] 서울특별시 중구 수표로 23 인농빌딩 7층, TEL : 1577-4129, FAX : 02-6919-",1475,
park-1249,제주시어승생한울누리공원,기본비용,"사용료 (관내) : 잔디형, 화초형, 수목형 (1회 40년 연장 불가)",100000,
park-1249,제주시어승생한울누리공원,기본비용,"사용료 (관외) : 잔디형, 화초형, 수목형 (1회 40년 연장불가)",200000,
park-1249,제주시어승생한울누리공원,기본비용,사용료 (관내) : 정원형 (1회 40년 연장불가),300000,
park-1249,제주시어승생한울누리공원,기본비용,사용료 (관외) : 정원형 (1회 40년 연장불가),600000,
park-1249,제주시어승생한울누리공원,자연장,"한국장례문화진흥원 [04552] 서울특별시 중구 수표로 23 인농빌딩 7층, TEL : 1577-4129, FAX : 02-6919-",1475,
park-1250,청주시목련공원자연장,자연장,개인단사용기간:45년 (연장불가),390000,
park-1250,청주시목련공원자연장,자연장,부부단사용기간:45년 (연장불가),780000,
park-1250,청주시목련공원자연장,자연장,가족자연장 (10구)사용기간:45년 (연장불가),3900000,
park-1250,청주시목련공원자연장,자연장,가족자연장 (8구)사용기간:45년 (연장불가),3120000,
park-1250,청주시목련공원자연장,자연장,"한국장례문화진흥원 [04552] 서울특별시 중구 수표로 23 인농빌딩 7층, TEL : 1577-4129, FAX : 02-6919-",1475,
park-1251,남한강공원묘원(자연장),기본비용,사용료3.3 m,21577000,
park-1251,남한강공원묘원(자연장),관리비,관리비3.3 m,218400,
park-1251,남한강공원묘원(자연장),평장형,평장묘 남한강 (2평)2기,4000000,
park-1251,남한강공원묘원(자연장),평장형,평장묘 남한강 백호 (2.5평)2기,4000000,
park-1251,남한강공원묘원(자연장),자연장,"한국장례문화진흥원 [04552] 서울특별시 중구 수표로 23 인농빌딩 7층, TEL : 1577-4129, FAX : 02-6919-",1475,
park-1252,완도군추모공원 자연장지(수목·잔디),관리비,"가족 수목형사용료: 150만원, 관리비 : 30만원 (15년기준)",1800000,
park-1252,완도군추모공원 자연장지(수목·잔디),관리비,"잔디장 (관내)사용료 : 40만원, 관리비 : 30만원 (15년)",700000,
park-1252,완도군추모공원 자연장지(수목·잔디),관리비,"잔디장 (관외)사용료 : 80만원, 관리비 : 30만원 (15년기준)",1100000,
park-1252,완도군추모공원 자연장지(수목·잔디),자연장,"한국장례문화진흥원 [04552] 서울특별시 중구 수표로 23 인농빌딩 7층, TEL : 1577-4129, FAX : 02-6919-",1475,
park-1253,대한불교조계종 계승사 극락원,기본비용,사용료1기당 15년간 묘지사용료,885646,
park-1253,대한불교조계종 계승사 극락원,관리비,관리비1기당 15년간 관리비,1236000,
park-1253,대한불교조계종 계승사 극락원,자연장,표시석개인 또는 합동 표시석 15년간 사용,380000,
park-1253,대한불교조계종 계승사 극락원,자연장,"한국장례문화진흥원 [04552] 서울특별시 중구 수표로 23 인농빌딩 7층, TEL : 1577-4129, FAX : 02-6919-",1475,
park-1254,예래원(자연장지),기본비용,토지사용료 (잔디장)1위,2100000,
park-1254,예래원(자연장지),관리비,"관리비 (잔디장)1위,1년",20000,
park-1254,예래원(자연장지),석물비,"석물 (잔디장,개인형)1기",3700000,
park-1254,예래원(자연장지),자연장,"한국장례문화진흥원 [04552] 서울특별시 중구 수표로 23 인농빌딩 7층, TEL : 1577-4129, FAX : 02-6919-",1475,
park-1255,광릉 더 크레스트 자연장지,기본비용,사용료1인기준,1620000,
park-1255,광릉 더 크레스트 자연장지,관리비,관리비1인기준 (년),25000,
park-1255,광릉 더 크레스트 자연장지,자연장,안치비 (매장)매장,300000,
park-1255,광릉 더 크레스트 자연장지,자연장,"한국장례문화진흥원 [04552] 서울특별시 중구 수표로 23 인농빌딩 7층, TEL : 1577-4129, FAX : 02-6919-",1475,
park-1256,천주교태안교회 공원묘지,잔디장,잔디장1㎡ (20년 사용),1500000,
park-1256,천주교태안교회 공원묘지,관리비,관리비20년 관리,500000,
park-1256,천주교태안교회 공원묘지,자연장,묘비200cm,2500000,
park-1256,천주교태안교회 공원묘지,자연장,"한국장례문화진흥원 [04552] 서울특별시 중구 수표로 23 인농빌딩 7층, TEL : 1577-4129, FAX : 02-6919-",1475,
park-1257,양구봉안공원 자연장지,기본비용,자연장지 사용료 (관내)개인1기 (0.5㎡),174500,
park-1257,양구봉안공원 자연장지,관리비,"자연장지 관리비관리비 (선납) 15년 (5,000원)x1회",75000,
park-1257,양구봉안공원 자연장지,기본비용,자연장지 사용료 (관외)개인1기 (0.5㎡),349000,
park-1257,양구봉안공원 자연장지,자연장,"한국장례문화진흥원 [04552] 서울특별시 중구 수표로 23 인농빌딩 7층, TEL : 1577-4129, FAX : 02-6919-",1475,
park-1258,홍천군추모공원 자연장지,기본비용,사용료 (관내-일반)40년 (1위당),500000,
park-1258,홍천군추모공원 자연장지,기본비용,"사용료 (관내-국가유공자 및 배우자, 수급자)40년 (1위당)",250000,
park-1258,홍천군추모공원 자연장지,자연장,"한국장례문화진흥원 [04552] 서울특별시 중구 수표로 23 인농빌딩 7층, TEL : 1577-4129, FAX : 02-6919-",1475,
park-1259,해인사 고불암수목장,수목장,수목장1나무,4000000,
park-1259,해인사 고불암수목장,관리비,관리비10년,500000,
park-1259,해인사 고불암수목장,자연장,산골장1기,1000000,
park-1259,해인사 고불암수목장,자연장,"한국장례문화진흥원 [04552] 서울특별시 중구 수표로 23 인농빌딩 7층, TEL : 1577-4129, FAX : 02-6919-",1475,
park-1260,일월사추모공원(자연장지),관리비,A그룹15년 관리비:3만원,1000000,
park-1260,일월사추모공원(자연장지),관리비,B그룹15년 관리비:3만원,750000,
park-1260,일월사추모공원(자연장지),관리비,C그룹15년 관리비:3만원,500000,
park-1260,일월사추모공원(자연장지),자연장,"한국장례문화진흥원 [04552] 서울특별시 중구 수표로 23 인농빌딩 7층, TEL : 1577-4129, FAX : 02-6919-",1475,
park-1261,중대공원자연장지,기본비용,사용료 (관내)30년 연장불가 관내비용,300000,
park-1261,중대공원자연장지,기본비용,사용료 (관외)30년 연장불가 관외비용,450000,
park-1261,중대공원자연장지,자연장,표지석비용1개,70000,
park-1261,중대공원자연장지,자연장,"한국장례문화진흥원 [04552] 서울특별시 중구 수표로 23 인농빌딩 7층, TEL : 1577-4129, FAX : 02-6919-",1475,
park-1262,길상사 수목장림,자연장,가족목 (4위),12000000,
park-1262,길상사 수목장림,자연장,가족목 (2위),6000000,
park-1262,길상사 수목장림,자연장,동반목 (1위),2000000,
park-1262,길상사 수목장림,자연장,"한국장례문화진흥원 [04552] 서울특별시 중구 수표로 23 인농빌딩 7층, TEL : 1577-4129, FAX : 02-6919-",1475,
park-1263,대원사추모공원 자연장지,자연장,개인형,5000000,
park-1263,대원사추모공원 자연장지,자연장,부부형,8000000,
park-1263,대원사추모공원 자연장지,관리비,관리비1년당,50000,
park-1263,대원사추모공원 자연장지,자연장,"한국장례문화진흥원 [04552] 서울특별시 중구 수표로 23 인농빌딩 7층, TEL : 1577-4129, FAX : 02-6919-",1475,
park-1264,자연으로추모정원,잔디장,표준잔디장,3900000,[규격: 0.5x1m]
park-1264,자연으로추모정원,잔디장,작은잔디장,2000000,[규격: 0.5x0.5m]
park-1264,자연으로추모정원,자연장,화훼산골장,1000000,[규격: 0.5x0.5m]
park-1264,자연으로추모정원,자연장,"한국장례문화진흥원 [04552] 서울특별시 중구 수표로 23 인농빌딩 7층, TEL : 1577-4129, FAX : 02-6919-",1475,
park-1265,고창푸른숲자연장,관리비,"잔디형 - 자연장 사용료 (사용료) 50천원, 관리비200천원 (40년)",250000,
park-1265,고창푸른숲자연장,관리비,"수목형 - 자연장 사용료 (사용료)100천원, 관리비200천원 (40년)",300000,
park-1265,고창푸른숲자연장,관리비,"정원형 - 자연장 사용료 (사용료)100천원, 관리비200천원 (40년)",300000,
park-1265,고창푸른숲자연장,자연장,"한국장례문화진흥원 [04552] 서울특별시 중구 수표로 23 인농빌딩 7층, TEL : 1577-4129, FAX : 02-6919-",1475,
park-1266,순천시립자연장지,자연장,자연장 (관내)사용자격:사망일기준 순천시에 주민등록 1년이상 거주자,400000,
park-1266,순천시립자연장지,자연장,"한국장례문화진흥원 [04552] 서울특별시 중구 수표로 23 인농빌딩 7층, TEL : 1577-4129, FAX : 02-6919-",1475,
park-1267,한국기독교장로회함평읍교회,관리비,"관리비1기당 년50,000원*30년",1500000,
park-1267,한국기독교장로회함평읍교회,기본비용,"사용료 (보증금)1기당 30년에 1,000,000원 (기간만료, 개장시 반환)",1000000,
park-1267,한국기독교장로회함평읍교회,자연장,"한국장례문화진흥원 [04552] 서울특별시 중구 수표로 23 인농빌딩 7층, TEL : 1577-4129, FAX : 02-6919-",1475,
park-1268,약천사,자연장,가족봉안탑 6기영구,15000000,
park-1268,약천사,관리비,관리비1년,100000,
park-1268,약천사,자연장,"한국장례문화진흥원 [04552] 서울특별시 중구 수표로 23 인농빌딩 7층, TEL : 1577-4129, FAX : 02-6919-",1475,
park-1269,은해사 자연장지,자연장,안치비한그루,5000000,
park-1269,은해사 자연장지,관리비,관리비10년 선납,1000000,
park-1269,은해사 자연장지,자연장,"한국장례문화진흥원 [04552] 서울특별시 중구 수표로 23 인농빌딩 7층, TEL : 1577-4129, FAX : 02-6919-",1475,
park-1270,월곳리 공설자연장지,자연장,관내자1기 / 15년 사용 / 2회까지 연장,750000,
park-1270,월곳리 공설자연장지,자연장,관외자1기 / 15년 사용 / 2회까지 연장,1500000,
park-1270,월곳리 공설자연장지,자연장,"한국장례문화진흥원 [04552] 서울특별시 중구 수표로 23 인농빌딩 7층, TEL : 1577-4129, FAX : 02-6919-",1475,
park-1271,서귀포추모공원 자연장지,자연장,관내40년안장,100000,
park-1271,서귀포추모공원 자연장지,자연장,관외40년안쟁,200000,
park-1271,서귀포추모공원 자연장지,자연장,"한국장례문화진흥원 [04552] 서울특별시 중구 수표로 23 인농빌딩 7층, TEL : 1577-4129, FAX : 02-6919-",1475,
park-1272,완주군 자연추모동산,자연장,"한국장례문화진흥원 [04552] 서울특별시 중구 수표로 23 인농빌딩 7층, TEL : 1577-4129, FAX : 02-6919-",1475,
park-1273,이작리공설묘지 자연장지,기본비용,사용료 (관내)(이작리)주민,60000,
park-1273,이작리공설묘지 자연장지,관리비,관리비관내 (이작리)주민,30000,
park-1273,이작리공설묘지 자연장지,자연장,"한국장례문화진흥원 [04552] 서울특별시 중구 수표로 23 인농빌딩 7층, TEL : 1577-4129, FAX : 02-6919-",1475,
park-1274,선재리공설묘지 자연장지,기본비용,사용료 (관내)(선재리)주민,60000,
park-1274,선재리공설묘지 자연장지,관리비,관리비관내 (선재리)주민,30000,
park-1274,선재리공설묘지 자연장지,자연장,"한국장례문화진흥원 [04552] 서울특별시 중구 수표로 23 인농빌딩 7층, TEL : 1577-4129, FAX : 02-6919-",1475,
park-1275,장봉리공설묘지 자연장지,기본비용,사용료 (관내)(장봉리)주민,60000,
park-1275,장봉리공설묘지 자연장지,관리비,관리비관내 (장봉리)주민,30000,
park-1275,장봉리공설묘지 자연장지,자연장,"한국장례문화진흥원 [04552] 서울특별시 중구 수표로 23 인농빌딩 7층, TEL : 1577-4129, FAX : 02-6919-",1475,
park-1276,오룡군립묘원 자연장지,관리비,"개인장 (관내,사용료 및 관리비)40년 이용, 연장불가",400000,
park-1276,오룡군립묘원 자연장지,관리비,"개인장 (관외,사용료 및 관리비)40년 이용, 연장불가",1000000,
park-1276,오룡군립묘원 자연장지,자연장,"한국장례문화진흥원 [04552] 서울특별시 중구 수표로 23 인농빌딩 7층, TEL : 1577-4129, FAX : 02-6919-",1475,
park-1277,남원시추모공원(자연장지),수목장,"잔디장, 수목장, 화단장40년",500000,
park-1277,남원시추모공원(자연장지),기본비용,유택동산유택동산 묘지사용료,20000,
park-1277,남원시추모공원(자연장지),자연장,"한국장례문화진흥원 [04552] 서울특별시 중구 수표로 23 인농빌딩 7층, TEL : 1577-4129, FAX : 02-6919-",1475,
park-1278,춘천안식공원 잔디장,관리비,"단장사용료 : 161,560원 (30년) , 관리비 : 52,780원 (30년), 매장비 : 100,000원 석물비 : 116,660원",430940,
park-1278,춘천안식공원 잔디장,관리비,"합장사용료 : 323,120원 (30년) , 관리비 : 105,560원 (30년), 매장비 : 100,000원 석물비 : 116,660원",861880,
park-1278,춘천안식공원 잔디장,자연장,"한국장례문화진흥원 [04552] 서울특별시 중구 수표로 23 인농빌딩 7층, TEL : 1577-4129, FAX : 02-6919-",1475,
park-1279,무장녹두숲자연장,관리비,잔디형 - 자연장 사용료 (사용료) 5만원 + 관리비 20만원 (40년),250000,
park-1279,무장녹두숲자연장,관리비,"수목형 - 자연장 사용료 (사용료) 10만원,+ 관리비 20만원 (40년)",300000,
park-1279,무장녹두숲자연장,자연장,"한국장례문화진흥원 [04552] 서울특별시 중구 수표로 23 인농빌딩 7층, TEL : 1577-4129, FAX : 02-6919-",1475,
park-1280,무주추모의집(자연장),자연장,관내1구당/45년 (사용연장없음),450000,
park-1280,무주추모의집(자연장),자연장,관외1구당/45년 (사용연장없음),1200000,
park-1280,무주추모의집(자연장),자연장,"한국장례문화진흥원 [04552] 서울특별시 중구 수표로 23 인농빌딩 7층, TEL : 1577-4129, FAX : 02-6919-",1475,
park-1281,삼광사추모공원 자연장지,수목장,반송 (소나무)1그루,4000000,
park-1281,삼광사추모공원 자연장지,자연장,"한국장례문화진흥원 [04552] 서울특별시 중구 수표로 23 인농빌딩 7층, TEL : 1577-4129, FAX : 02-6919-",1475,
park-1282,경신하늘뜰공원 자연장지,석물비,"관내 (30년)연장불가, 석물,잔디 등 실비 사용자부담",400000,
park-1282,경신하늘뜰공원 자연장지,석물비,"관외 (30년)연장불가, 석물,잔디 등 실비 사용자 부담",600000,
park-1282,경신하늘뜰공원 자연장지,자연장,"한국장례문화진흥원 [04552] 서울특별시 중구 수표로 23 인농빌딩 7층, TEL : 1577-4129, FAX : 02-6919-",1475,
park-1283,이천시립 자연장지,자연장,관내-개인사용기간 50년,300000,
park-1283,이천시립 자연장지,자연장,관외-개인사용기간 50년,450000,
park-1283,이천시립 자연장지,자연장,"한국장례문화진흥원 [04552] 서울특별시 중구 수표로 23 인농빌딩 7층, TEL : 1577-4129, FAX : 02-6919-",1475,
park-1284,여수시영락공원 자연장지(수목·잔디),자연장,묘지1기당 0.23㎡/40년일반시민,320000,
park-1284,여수시영락공원 자연장지(수목·잔디),자연장,묘지1기당 0.23㎡/40년특례자,480000,
park-1284,여수시영락공원 자연장지(수목·잔디),자연장,"한국장례문화진흥원 [04552] 서울특별시 중구 수표로 23 인농빌딩 7층, TEL : 1577-4129, FAX : 02-6919-",1475,
park-1285,정왕공설자연장지,관리비,사용료 (및관리비자연장지)(개인/잔디형),300000,
park-1285,정왕공설자연장지,관리비,사용료 (및관리비자연장지)(부부/관목형),600000,
park-1285,정왕공설자연장지,자연장,"한국장례문화진흥원 [04552] 서울특별시 중구 수표로 23 인농빌딩 7층, TEL : 1577-4129, FAX : 02-6919-",1475,
park-1286,서산시 희망공원(자연장지),자연장,관내-개인45년,450000,
park-1286,서산시 희망공원(자연장지),자연장,관내-부부45년,600000,
park-1286,서산시 희망공원(자연장지),자연장,"한국장례문화진흥원 [04552] 서울특별시 중구 수표로 23 인농빌딩 7층, TEL : 1577-4129, FAX : 02-6919-",1475,
park-1287,(재)효원가족공원 자연장지,잔디장,잔디장매장후 30년,2000000,
park-1287,(재)효원가족공원 자연장지,관리비,잔디장 관리비매장후 30년,600000,
park-1287,(재)효원가족공원 자연장지,자연장,"한국장례문화진흥원 [04552] 서울특별시 중구 수표로 23 인농빌딩 7층, TEL : 1577-4129, FAX : 02-6919-",1475,
park-1288,동해시하늘정원자연장지,관리비,"자연장 사용료 및 관리비 (단장)관내 (15년), 사용료 : 14만원, 관리비: 5만원, 매장비 : 5만원, 석물비 : 17만원",410000,
park-1288,동해시하늘정원자연장지,관리비,"자연장 사용료 및 관리비 (합장)관내 (15년), 사용료 : 18만원, 관리비: 7만원, 매장비 : 5만원, 석물비 : 22만원",520000,
park-1288,동해시하늘정원자연장지,자연장,"한국장례문화진흥원 [04552] 서울특별시 중구 수표로 23 인농빌딩 7층, TEL : 1577-4129, FAX : 02-6919-",1475,
park-1289,연평리공설묘지 자연장지,기본비용,사용료 (관내)(연평리)주민,60000,
park-1289,연평리공설묘지 자연장지,관리비,관리비관내 (연평리)주민,30000,
park-1289,연평리공설묘지 자연장지,자연장,"한국장례문화진흥원 [04552] 서울특별시 중구 수표로 23 인농빌딩 7층, TEL : 1577-4129, FAX : 02-6919-",1475,
park-1290,영모묘원 자연장지,자연장,자연장30*,301500000,
park-1290,영모묘원 자연장지,자연장,"한국장례문화진흥원 [04552] 서울특별시 중구 수표로 23 인농빌딩 7층, TEL : 1577-4129, FAX : 02-6919-",1475,
park-1291,화천공원묘원 자연장지,잔디장,잔디형 (관내)15년 이용 3회 연장가능,85800,
park-1291,화천공원묘원 자연장지,자연장,"한국장례문화진흥원 [04552] 서울특별시 중구 수표로 23 인농빌딩 7층, TEL : 1577-4129, FAX : 02-6919-",1475,
park-1292,구례군 공설자연장지,자연장,자연장지40년 (연장불가),300000,
park-1292,구례군 공설자연장지,자연장,"한국장례문화진흥원 [04552] 서울특별시 중구 수표로 23 인농빌딩 7층, TEL : 1577-4129, FAX : 02-6919-",1475,
park-1293,익산하늘공원자연장지,잔디장,잔디장 1구45년사용,350000,
park-1293,익산하늘공원자연장지,자연장,"한국장례문화진흥원 [04552] 서울특별시 중구 수표로 23 인농빌딩 7층, TEL : 1577-4129, FAX : 02-6919-",1475,
park-1294,명성교회 자연장지,자연장,"한국장례문화진흥원 [04552] 서울특별시 중구 수표로 23 인농빌딩 7층, TEL : 1577-4129, FAX : 02-6919-",1475,
park-1295,웅양공설공원묘지,기본비용,공설공원묘지사용료 (이용자격):해당면 주민 사용기간:15년,300000,
park-1295,웅양공설공원묘지,관리비,공설공원묘지관리비이용자격:해당면 주민 사용기간:15년,200000,
park-1295,웅양공설공원묘지,자연장,"한국장례문화진흥원 [04552] 서울특별시 중구 수표로 23 인농빌딩 7층, TEL : 1577-4129, FAX : 02-6919-",1475,
park-1296,장수암 자연장지,관리비,자연장지 (평생)1년 관리비 (30.000원),3000000,
park-1296,장수암 자연장지,자연장,"한국장례문화진흥원 [04552] 서울특별시 중구 수표로 23 인농빌딩 7층, TEL : 1577-4129, FAX : 02-6919-",1475,
park-1297,광주영락공원 청마루동산,자연장,청마루동산 (자연장)1위 (45년),348000,
park-1297,광주영락공원 청마루동산,자연장,"한국장례문화진흥원 [04552] 서울특별시 중구 수표로 23 인농빌딩 7층, TEL : 1577-4129, FAX : 02-6919-",1475,
park-1298,대한예수교장로회 함평교회,자연장,(1기) 안장10년,1000000,
park-1298,대한예수교장로회 함평교회,자연장,"한국장례문화진흥원 [04552] 서울특별시 중구 수표로 23 인농빌딩 7층, TEL : 1577-4129, FAX : 02-6919-",1475,
park-1299,청솔공원 자연장지,관리비,"단장사용료 : 9만원, 관리비 (30년) : 9만6천원, 개별표지석 : 9만원",276000,
park-1299,청솔공원 자연장지,자연장,"한국장례문화진흥원 [04552] 서울특별시 중구 수표로 23 인농빌딩 7층, TEL : 1577-4129, FAX : 02-6919-",1475,
park-1300,남부권공설묘지자연장지,관리비,"자연장지 1위사용료:147,000원 ,관리비:103,950원 잔디값:6,300원",257200,
park-1300,남부권공설묘지자연장지,자연장,"한국장례문화진흥원 [04552] 서울특별시 중구 수표로 23 인농빌딩 7층, TEL : 1577-4129, FAX : 02-6919-",1475,
park-1301,대한불교조계종 남지장사,자연장,황금측백나무1인안치,3000000,
park-1301,대한불교조계종 남지장사,자연장,"한국장례문화진흥원 [04552] 서울특별시 중구 수표로 23 인농빌딩 7층, TEL : 1577-4129, FAX : 02-6919-",1475,
park-1302,충현공원 자연장지,자연장,"한국장례문화진흥원 [04552] 서울특별시 중구 수표로 23 인농빌딩 7층, TEL : 1577-4129, FAX : 02-6919-",1475,
park-1303,내촌공설자연장지,관리비,"사용료 및 관리비사용기간 30년 (연장불가, 관내)",400000,
park-1303,내촌공설자연장지,자연장,"한국장례문화진흥원 [04552] 서울특별시 중구 수표로 23 인농빌딩 7층, TEL : 1577-4129, FAX : 02-6919-",1475,
park-1304,목포중앙교회 자연장지,자연장,"한국장례문화진흥원 [04552] 서울특별시 중구 수표로 23 인농빌딩 7층, TEL : 1577-4129, FAX : 02-6919-",1475,
park-1305,반포교회 수목장림,자연장,"한국장례문화진흥원 [04552] 서울특별시 중구 수표로 23 인농빌딩 7층, TEL : 1577-4129, FAX : 02-6919-",1475,
park-1306,(재)우성공원묘원 자연장지,자연장,"한국장례문화진흥원 [04552] 서울특별시 중구 수표로 23 인농빌딩 7층, TEL : 1577-4129, FAX : 02-6919-",1475,
park-1307,완도안디옥교회 자연장지,자연장,"한국장례문화진흥원 [04552] 서울특별시 중구 수표로 23 인농빌딩 7층, TEL : 1577-4129, FAX : 02-6919-",1475,
park-1308,신월공설자연장지,자연장,"한국장례문화진흥원 [04552] 서울특별시 중구 수표로 23 인농빌딩 7층, TEL : 1577-4129, FAX : 02-6919-",1475,
park-1309,기쁜소식한밭교회 자연장지,자연장,"한국장례문화진흥원 [04552] 서울특별시 중구 수표로 23 인농빌딩 7층, TEL : 1577-4129, FAX : 02-6919-",1475,
park-1310,중흥교회복지선교회,자연장,"한국장례문화진흥원 [04552] 서울특별시 중구 수표로 23 인농빌딩 7층, TEL : 1577-4129, FAX : 02-6919-",1475,
park-1311,새소명교회동산,자연장,"한국장례문화진흥원 [04552] 서울특별시 중구 수표로 23 인농빌딩 7층, TEL : 1577-4129, FAX : 02-6919-",1475,
park-1312,소망수양관 자연장지,자연장,"한국장례문화진흥원 [04552] 서울특별시 중구 수표로 23 인농빌딩 7층, TEL : 1577-4129, FAX : 02-6919-",1475,
park-1313,올리베따노성베네딕도수도회,자연장,"한국장례문화진흥원 [04552] 서울특별시 중구 수표로 23 인농빌딩 7층, TEL : 1577-4129, FAX : 02-6919-",1475,
park-1314,대한불교조계종세심사 상락향수목장림,자연장,"한국장례문화진흥원 [04552] 서울특별시 중구 수표로 23 인농빌딩 7층, TEL : 1577-4129, FAX : 02-6919-",1475,
park-1315,휴안추모공원,자연장,"한국장례문화진흥원 [04552] 서울특별시 중구 수표로 23 인농빌딩 7층, TEL : 1577-4129, FAX : 02-6919-",1475,
park-1316,대한불교금오종,자연장,"한국장례문화진흥원 [04552] 서울특별시 중구 수표로 23 인농빌딩 7층, TEL : 1577-4129, FAX : 02-6919-",1475,
park-1317,원주중부교회자연장지,자연장,"한국장례문화진흥원 [04552] 서울특별시 중구 수표로 23 인농빌딩 7층, TEL : 1577-4129, FAX : 02-6919-",1475,
park-1318,저높은교회 자연장지,자연장,"한국장례문화진흥원 [04552] 서울특별시 중구 수표로 23 인농빌딩 7층, TEL : 1577-4129, FAX : 02-6919-",1475,
park-1319,중흥교회 자연장(남서울가족공원),자연장,"한국장례문화진흥원 [04552] 서울특별시 중구 수표로 23 인농빌딩 7층, TEL : 1577-4129, FAX : 02-6919-",1475,
park-1320,함평중앙교회 부활동산,자연장,"한국장례문화진흥원 [04552] 서울특별시 중구 수표로 23 인농빌딩 7층, TEL : 1577-4129, FAX : 02-6919-",1475,
park-1321,실상산문종실상선원자연장,자연장,"한국장례문화진흥원 [04552] 서울특별시 중구 수표로 23 인농빌딩 7층, TEL : 1577-4129, FAX : 02-6919-",1475,
park-1322,수원제일교회 자연장지,자연장,"한국장례문화진흥원 [04552] 서울특별시 중구 수표로 23 인농빌딩 7층, TEL : 1577-4129, FAX : 02-6919-",1475,
park-1323,성요셉공원 자연장지,자연장,"한국장례문화진흥원 [04552] 서울특별시 중구 수표로 23 인농빌딩 7층, TEL : 1577-4129, FAX : 02-6919-",1475,
park-1324,고사자연장지,자연장,"한국장례문화진흥원 [04552] 서울특별시 중구 수표로 23 인농빌딩 7층, TEL : 1577-4129, FAX : 02-6919-",1475,
park-1325,이동무림삼자자연장지,자연장,"한국장례문화진흥원 [04552] 서울특별시 중구 수표로 23 인농빌딩 7층, TEL : 1577-4129, FAX : 02-6919-",1475,
park-1326,지구촌교회 자연장지,자연장,"한국장례문화진흥원 [04552] 서울특별시 중구 수표로 23 인농빌딩 7층, TEL : 1577-4129, FAX : 02-6919-",1475,
park-1327,일승종개원사 수목장림,자연장,"한국장례문화진흥원 [04552] 서울특별시 중구 수표로 23 인농빌딩 7층, TEL : 1577-4129, FAX : 02-6919-",1475,
park-1328,용미리 제1묘지 자연장지,자연장,"한국장례문화진흥원 [04552] 서울특별시 중구 수표로 23 인농빌딩 7층, TEL : 1577-4129, FAX : 02-6919-",1475,
park-1329,일승종개원사 자연장지,자연장,"한국장례문화진흥원 [04552] 서울특별시 중구 수표로 23 인농빌딩 7층, TEL : 1577-4129, FAX : 02-6919-",1475,
park-1330,천불사 수목장,자연장,"한국장례문화진흥원 [04552] 서울특별시 중구 수표로 23 인농빌딩 7층, TEL : 1577-4129, FAX : 02-6919-",1475,
park-1331,일심정사 수목장림,자연장,"한국장례문화진흥원 [04552] 서울특별시 중구 수표로 23 인농빌딩 7층, TEL : 1577-4129, FAX : 02-6919-",1475,
park-1332,횡성군공설자연장지,자연장,"한국장례문화진흥원 [04552] 서울특별시 중구 수표로 23 인농빌딩 7층, TEL : 1577-4129, FAX : 02-6919-",1475,
park-1333,홍연암 자연장지,자연장,"한국장례문화진흥원 [04552] 서울특별시 중구 수표로 23 인농빌딩 7층, TEL : 1577-4129, FAX : 02-6919-",1475,
park-1334,장흥공설자연장지,자연장,"한국장례문화진흥원 [04552] 서울특별시 중구 수표로 23 인농빌딩 7층, TEL : 1577-4129, FAX : 02-6919-",1475,
park-1335,성공사 수목장림,자연장,"한국장례문화진흥원 [04552] 서울특별시 중구 수표로 23 인농빌딩 7층, TEL : 1577-4129, FAX : 02-6919-",1475,
park-1336,순창성당자연장지,자연장,"한국장례문화진흥원 [04552] 서울특별시 중구 수표로 23 인농빌딩 7층, TEL : 1577-4129, FAX : 02-6919-",1475,
park-1337,재단법인북한강공원 자연장지,자연장,"한국장례문화진흥원 [04552] 서울특별시 중구 수표로 23 인농빌딩 7층, TEL : 1577-4129, FAX : 02-6919-",1475,
park-1338,기독교대한감리회전곡교회,자연장,"한국장례문화진흥원 [04552] 서울특별시 중구 수표로 23 인농빌딩 7층, TEL : 1577-4129, FAX : 02-6919-",1475,
park-1339,수향사 추모공원,자연장,"한국장례문화진흥원 [04552] 서울특별시 중구 수표로 23 인농빌딩 7층, TEL : 1577-4129, FAX : 02-6919-",1475,
park-1340,용강별숲공원(구 동부공설묘지),자연장,"한국장례문화진흥원 [04552] 서울특별시 중구 수표로 23 인농빌딩 7층, TEL : 1577-4129, FAX : 02-6919-",1475,
park-1341,원산교회 자연장지,자연장,"한국장례문화진흥원 [04552] 서울특별시 중구 수표로 23 인농빌딩 7층, TEL : 1577-4129, FAX : 02-6919-",1475,
park-1342,금광추모동산,자연장,"한국장례문화진흥원 [04552] 서울특별시 중구 수표로 23 인농빌딩 7층, TEL : 1577-4129, FAX : 02-6919-",1475,
park-1343,결초보은 추모공원(자연장지),자연장,"한국장례문화진흥원 [04552] 서울특별시 중구 수표로 23 인농빌딩 7층, TEL : 1577-4129, FAX : 02-6919-",1475,
park-1344,남원동북교회 자연장지,자연장,"한국장례문화진흥원 [04552] 서울특별시 중구 수표로 23 인농빌딩 7층, TEL : 1577-4129, FAX : 02-6919-",1475,
park-1345,경인침례교회 자연장지,자연장,"한국장례문화진흥원 [04552] 서울특별시 중구 수표로 23 인농빌딩 7층, TEL : 1577-4129, FAX : 02-6919-",1475,
park-1346,팔봉사 더유일추모공원,자연장,"한국장례문화진흥원 [04552] 서울특별시 중구 수표로 23 인농빌딩 7층, TEL : 1577-4129, FAX : 02-6919-",1475,
park-1347,신세계공원(자연장),자연장,"한국장례문화진흥원 [04552] 서울특별시 중구 수표로 23 인농빌딩 7층, TEL : 1577-4129, FAX : 02-6919-",1475,
park-1348,천주교인보성체수도회,자연장,"한국장례문화진흥원 [04552] 서울특별시 중구 수표로 23 인농빌딩 7층, TEL : 1577-4129, FAX : 02-6919-",1475,
park-1349,사랑의빛교회 천제모동산,자연장,"한국장례문화진흥원 [04552] 서울특별시 중구 수표로 23 인농빌딩 7층, TEL : 1577-4129, FAX : 02-6919-",1475,
park-1350,(사)씨앤에이미션 자연장지,자연장,"한국장례문화진흥원 [04552] 서울특별시 중구 수표로 23 인농빌딩 7층, TEL : 1577-4129, FAX : 02-6919-",1475,
park-1351,도심리교회 하늘로공원,자연장,"한국장례문화진흥원 [04552] 서울특별시 중구 수표로 23 인농빌딩 7층, TEL : 1577-4129, FAX : 02-6919-",1475,
park-1352,성도장로교회 자연장지,자연장,"한국장례문화진흥원 [04552] 서울특별시 중구 수표로 23 인농빌딩 7층, TEL : 1577-4129, FAX : 02-6919-",1475,
park-1353,재단법인 아너스홈,기본비용,사용료 (5평)합장가능 평당 490만원,2450000,
park-1353,재단법인 아너스홈,기본비용,사용료 (6평)합장가능 평당 49만원,2940000,
park-1353,재단법인 아너스홈,관리비,관리비 (5평)합장가능 평당 년 16천원,80000,
park-1353,재단법인 아너스홈,관리비,관리비 (6평)합장가능 평당 년 16천원,96000,
park-1353,재단법인 아너스홈,자연장,"한국장례문화진흥원 [04552] 서울특별시 중구 수표로 23 인농빌딩 7층, TEL : 1577-4129, FAX : 02-6919-",1475,
park-1354,대구남덕교회부활동산,자연장,"한국장례문화진흥원 [04552] 서울특별시 중구 수표로 23 인농빌딩 7층, TEL : 1577-4129, FAX : 02-6919-",1475,
park-1355,옥천성당요셉공원,자연장,"한국장례문화진흥원 [04552] 서울특별시 중구 수표로 23 인농빌딩 7층, TEL : 1577-4129, FAX : 02-6919-",1475,
park-1356,(재)영락교회공원묘원 자연장지,자연장,"한국장례문화진흥원 [04552] 서울특별시 중구 수표로 23 인농빌딩 7층, TEL : 1577-4129, FAX : 02-6919-",1475,
park-1357,진주대광교회 자연장지,자연장,"한국장례문화진흥원 [04552] 서울특별시 중구 수표로 23 인농빌딩 7층, TEL : 1577-4129, FAX : 02-6919-",1475,
park-1358,강화해누리공원,자연장,"한국장례문화진흥원 [04552] 서울특별시 중구 수표로 23 인농빌딩 7층, TEL : 1577-4129, FAX : 02-6919-",1475,
park-1359,진천군 자연장지,자연장,"한국장례문화진흥원 [04552] 서울특별시 중구 수표로 23 인농빌딩 7층, TEL : 1577-4129, FAX : 02-6919-",1475,
park-1360,합동다산교회 자연장지,자연장,"한국장례문화진흥원 [04552] 서울특별시 중구 수표로 23 인농빌딩 7층, TEL : 1577-4129, FAX : 02-6919-",1475,
park-1361,남도광역추모공원(자연장),자연장,"한국장례문화진흥원 [04552] 서울특별시 중구 수표로 23 인농빌딩 7층, TEL : 1577-4129, FAX : 02-6919-",1475,
park-1362,가평추모공원(자연장지),자연장,"한국장례문화진흥원 [04552] 서울특별시 중구 수표로 23 인농빌딩 7층, TEL : 1577-4129, FAX : 02-6919-",1475,
park-1363,성산읍공설자연장지,자연장,"한국장례문화진흥원 [04552] 서울특별시 중구 수표로 23 인농빌딩 7층, TEL : 1577-4129, FAX : 02-6919-",1475,
park-1364,목련공원묘원 자연장지,자연장,"한국장례문화진흥원 [04552] 서울특별시 중구 수표로 23 인농빌딩 7층, TEL : 1577-4129, FAX : 02-6919-",1475,
park-1365,(재)남양공원묘원 자연장지,자연장,"한국장례문화진흥원 [04552] 서울특별시 중구 수표로 23 인농빌딩 7층, TEL : 1577-4129, FAX : 02-6919-",1475,
park-1366,(재)영호추모공원 매화동산,자연장,"한국장례문화진흥원 [04552] 서울특별시 중구 수표로 23 인농빌딩 7층, TEL : 1577-4129, FAX : 02-6919-",1475,
park-1367,제주영락동산,자연장,"한국장례문화진흥원 [04552] 서울특별시 중구 수표로 23 인농빌딩 7층, TEL : 1577-4129, FAX : 02-6919-",1475,
park-1368,여여정사 수목장,자연장,"한국장례문화진흥원 [04552] 서울특별시 중구 수표로 23 인농빌딩 7층, TEL : 1577-4129, FAX : 02-6919-",1475,
park-1369,진주제일교회 수목장,자연장,"한국장례문화진흥원 [04552] 서울특별시 중구 수표로 23 인농빌딩 7층, TEL : 1577-4129, FAX : 02-6919-",1475,
park-1370,개원추모공원 수목장림,자연장,"한국장례문화진흥원 [04552] 서울특별시 중구 수표로 23 인농빌딩 7층, TEL : 1577-4129, FAX : 02-6919-",1475,
park-1371,원진사지장회수목장,자연장,"한국장례문화진흥원 [04552] 서울특별시 중구 수표로 23 인농빌딩 7층, TEL : 1577-4129, FAX : 02-6919-",1475,
park-1372,선불교자연장지,자연장,"한국장례문화진흥원 [04552] 서울특별시 중구 수표로 23 인농빌딩 7층, TEL : 1577-4129, FAX : 02-6919-",1475,
park-1373,정음사원추모관,자연장,"한국장례문화진흥원 [04552] 서울특별시 중구 수표로 23 인농빌딩 7층, TEL : 1577-4129, FAX : 02-6919-",1475,
park-1374,원주제일교회 자연장지,자연장,"한국장례문화진흥원 [04552] 서울특별시 중구 수표로 23 인농빌딩 7층, TEL : 1577-4129, FAX : 02-6919-",1475,
park-1375,사모보궁자연장,자연장,"한국장례문화진흥원 [04552] 서울특별시 중구 수표로 23 인농빌딩 7층, TEL : 1577-4129, FAX : 02-6919-",1475,
park-1376,오봉사 수목장림,자연장,"한국장례문화진흥원 [04552] 서울특별시 중구 수표로 23 인농빌딩 7층, TEL : 1577-4129, FAX : 02-6919-",1475,
park-1377,대원정사 자연장지,자연장,"한국장례문화진흥원 [04552] 서울특별시 중구 수표로 23 인농빌딩 7층, TEL : 1577-4129, FAX : 02-6919-",1475,
park-1378,선연사 자연장지,자연장,"한국장례문화진흥원 [04552] 서울특별시 중구 수표로 23 인농빌딩 7층, TEL : 1577-4129, FAX : 02-6919-",1475,
park-1379,하이패밀리 자연장지,자연장,"한국장례문화진흥원 [04552] 서울특별시 중구 수표로 23 인농빌딩 7층, TEL : 1577-4129, FAX : 02-6919-",1475,
park-1380,갈월사 자연장지,자연장,"한국장례문화진흥원 [04552] 서울특별시 중구 수표로 23 인농빌딩 7층, TEL : 1577-4129, FAX : 02-6919-",1475,
park-1381,김포문수산수목장,자연장,"한국장례문화진흥원 [04552] 서울특별시 중구 수표로 23 인농빌딩 7층, TEL : 1577-4129, FAX : 02-6919-",1475,
park-1382,살렘전원그리스도의교회자연장지,자연장,"한국장례문화진흥원 [04552] 서울특별시 중구 수표로 23 인농빌딩 7층, TEL : 1577-4129, FAX : 02-6919-",1475,
park-1383,동화추모공원,자연장,"한국장례문화진흥원 [04552] 서울특별시 중구 수표로 23 인농빌딩 7층, TEL : 1577-4129, FAX : 02-6919-",1475,
park-1384,성모자애공원,자연장,"한국장례문화진흥원 [04552] 서울특별시 중구 수표로 23 인농빌딩 7층, TEL : 1577-4129, FAX : 02-6919-",1475,
park-1385,용주사 자연장지,자연장,"한국장례문화진흥원 [04552] 서울특별시 중구 수표로 23 인농빌딩 7층, TEL : 1577-4129, FAX : 02-6919-",1475,
park-1386,무궁화공원묘원(자연장지),자연장,"한국장례문화진흥원 [04552] 서울특별시 중구 수표로 23 인농빌딩 7층, TEL : 1577-4129, FAX : 02-6919-",1475,
park-1387,시냇가푸른나무교회수목장림,자연장,"한국장례문화진흥원 [04552] 서울특별시 중구 수표로 23 인농빌딩 7층, TEL : 1577-4129, FAX : 02-6919-",1475,
park-1388,목포남부교회 남부소망동산,자연장,"한국장례문화진흥원 [04552] 서울특별시 중구 수표로 23 인농빌딩 7층, TEL : 1577-4129, FAX : 02-6919-",1475,
park-1389,대성교회 자연장지,자연장,"한국장례문화진흥원 [04552] 서울특별시 중구 수표로 23 인농빌딩 7층, TEL : 1577-4129, FAX : 02-6919-",1475,
park-1390,영은교회 자연장지(수목장림),자연장,"한국장례문화진흥원 [04552] 서울특별시 중구 수표로 23 인농빌딩 7층, TEL : 1577-4129, FAX : 02-6919-",1475,
park-1391,영은교회 자연장지(수목장),자연장,"한국장례문화진흥원 [04552] 서울특별시 중구 수표로 23 인농빌딩 7층, TEL : 1577-4129, FAX : 02-6919-",1475,
park-1392,대한불교조계종 대원사,자연장,"한국장례문화진흥원 [04552] 서울특별시 중구 수표로 23 인농빌딩 7층, TEL : 1577-4129, FAX : 02-6919-",1475,
park-1393,(재)성모성심수도회 자연장지,자연장,"한국장례문화진흥원 [04552] 서울특별시 중구 수표로 23 인농빌딩 7층, TEL : 1577-4129, FAX : 02-6919-",1475,
park-1394,대호지공설묘지(자연장),자연장,"한국장례문화진흥원 [04552] 서울특별시 중구 수표로 23 인농빌딩 7층, TEL : 1577-4129, FAX : 02-6919-",1475,
park-1395,대구시립공원묘지(자연장),자연장,"한국장례문화진흥원 [04552] 서울특별시 중구 수표로 23 인농빌딩 7층, TEL : 1577-4129, FAX : 02-6919-",1475,
park-1396,망월묘지공원(자연장),자연장,"한국장례문화진흥원 [04552] 서울특별시 중구 수표로 23 인농빌딩 7층, TEL : 1577-4129, FAX : 02-6919-",1475,
park-1397,아산시공설자연장지,자연장,"한국장례문화진흥원 [04552] 서울특별시 중구 수표로 23 인농빌딩 7층, TEL : 1577-4129, FAX : 02-6919-",1475,
park-1398,사랑하는 우리교회 자연장지,자연장,"한국장례문화진흥원 [04552] 서울특별시 중구 수표로 23 인농빌딩 7층, TEL : 1577-4129, FAX : 02-6919-",1475,
park-1399,죽림사 자연장지,자연장,"한국장례문화진흥원 [04552] 서울특별시 중구 수표로 23 인농빌딩 7층, TEL : 1577-4129, FAX : 02-6919-",1475,
park-1400,국립기억의숲,자연장,"한국장례문화진흥원 [04552] 서울특별시 중구 수표로 23 인농빌딩 7층, TEL : 1577-4129, FAX : 02-6919-",1475,
park-1401,성아우구스띠노수도회 자연장지,자연장,"한국장례문화진흥원 [04552] 서울특별시 중구 수표로 23 인농빌딩 7층, TEL : 1577-4129, FAX : 02-6919-",1475,
park-1402,세종수목장,자연장,"한국장례문화진흥원 [04552] 서울특별시 중구 수표로 23 인농빌딩 7층, TEL : 1577-4129, FAX : 02-6919-",1475,
park-1403,무일선원 수목장림,자연장,"한국장례문화진흥원 [04552] 서울특별시 중구 수표로 23 인농빌딩 7층, TEL : 1577-4129, FAX : 02-6919-",1475,
park-1404,화성나래원 수목장,자연장,"한국장례문화진흥원 [04552] 서울특별시 중구 수표로 23 인농빌딩 7층, TEL : 1577-4129, FAX : 02-6919-",1475,
park-1405,옥천군공설자연장지,자연장,"한국장례문화진흥원 [04552] 서울특별시 중구 수표로 23 인농빌딩 7층, TEL : 1577-4129, FAX : 02-6919-",1475,
park-1406,청솔수목장,자연장,"한국장례문화진흥원 [04552] 서울특별시 중구 수표로 23 인농빌딩 7층, TEL : 1577-4129, FAX : 02-6919-",1475,
park-1407,(주)광림공원 동산공원묘원(자연장),자연장,"한국장례문화진흥원 [04552] 서울특별시 중구 수표로 23 인농빌딩 7층, TEL : 1577-4129, FAX : 02-6919-",1475,
park-1408,다래원자연장지,자연장,"한국장례문화진흥원 [04552] 서울특별시 중구 수표로 23 인농빌딩 7층, TEL : 1577-4129, FAX : 02-6919-",1475,
park-1409,재단법인 효심추모관 자연장지,자연장,"한국장례문화진흥원 [04552] 서울특별시 중구 수표로 23 인농빌딩 7층, TEL : 1577-4129, FAX : 02-6919-",1475,
park-1410,샘물호스피스 자연장지,자연장,"한국장례문화진흥원 [04552] 서울특별시 중구 수표로 23 인농빌딩 7층, TEL : 1577-4129, FAX : 02-6919-",1475,
park-1411,동서울교회 자연장지,자연장,"한국장례문화진흥원 [04552] 서울특별시 중구 수표로 23 인농빌딩 7층, TEL : 1577-4129, FAX : 02-6919-",1475,
park-1412,보령시모란공원 자연장,자연장,"한국장례문화진흥원 [04552] 서울특별시 중구 수표로 23 인농빌딩 7층, TEL : 1577-4129, FAX : 02-6919-",1475,
park-1413,압해중앙동산,자연장,"한국장례문화진흥원 [04552] 서울특별시 중구 수표로 23 인농빌딩 7층, TEL : 1577-4129, FAX : 02-6919-",1475,
park-1414,향천사 수목장,자연장,"한국장례문화진흥원 [04552] 서울특별시 중구 수표로 23 인농빌딩 7층, TEL : 1577-4129, FAX : 02-6919-",1475,
park-1415,(재)아름다운 청계공원 자연장지,자연장,"한국장례문화진흥원 [04552] 서울특별시 중구 수표로 23 인농빌딩 7층, TEL : 1577-4129, FAX : 02-6919-",1475,
park-1416,기독교대한감리회 애향숙,자연장,"한국장례문화진흥원 [04552] 서울특별시 중구 수표로 23 인농빌딩 7층, TEL : 1577-4129, FAX : 02-6919-",1475,
park-1417,천주교 김천공원묘원,자연장,"한국장례문화진흥원 [04552] 서울특별시 중구 수표로 23 인농빌딩 7층, TEL : 1577-4129, FAX : 02-6919-",1475,
park-1418,천주교 서천 자연장지,자연장,"한국장례문화진흥원 [04552] 서울특별시 중구 수표로 23 인농빌딩 7층, TEL : 1577-4129, FAX : 02-6919-",1475,
park-1419,푸른바다장,자연장,"한국장례문화진흥원 [04552] 서울특별시 중구 수표로 23 인농빌딩 7층, TEL : 1577-4129, FAX : 02-6919-",1475,
park-1420,보배숲추모공원(군립),자연장,"한국장례문화진흥원 [04552] 서울특별시 중구 수표로 23 인농빌딩 7층, TEL : 1577-4129, FAX : 02-6919-",1475,
park-1421,용천바다,자연장,"한국장례문화진흥원 [04552] 서울특별시 중구 수표로 23 인농빌딩 7층, TEL : 1577-4129, FAX : 02-6919-",1475,
park-1422,베다니수목장,자연장,"한국장례문화진흥원 [04552] 서울특별시 중구 수표로 23 인농빌딩 7층, TEL : 1577-4129, FAX : 02-6919-",1475,
park-1423,(사)바울선교회 자연장지,자연장,"한국장례문화진흥원 [04552] 서울특별시 중구 수표로 23 인농빌딩 7층, TEL : 1577-4129, FAX : 02-6919-",1475,
park-1424,평안교회 자연장지,자연장,"한국장례문화진흥원 [04552] 서울특별시 중구 수표로 23 인농빌딩 7층, TEL : 1577-4129, FAX : 02-6919-",1475,
park-1425,하늘바다해양장,자연장,"한국장례문화진흥원 [04552] 서울특별시 중구 수표로 23 인농빌딩 7층, TEL : 1577-4129, FAX : 02-6919-",1475,
park-1426,영월중앙감리교회 자연장지,자연장,"한국장례문화진흥원 [04552] 서울특별시 중구 수표로 23 인농빌딩 7층, TEL : 1577-4129, FAX : 02-6919-",1475,
park-1427,늘푸른교회,자연장,"한국장례문화진흥원 [04552] 서울특별시 중구 수표로 23 인농빌딩 7층, TEL : 1577-4129, FAX : 02-6919-",1475,
park-1428,사단법인 한국불교태고종금강사,자연장,"한국장례문화진흥원 [04552] 서울특별시 중구 수표로 23 인농빌딩 7층, TEL : 1577-4129, FAX : 02-6919-",1475,
park-1429,남흥교회 자연장지,자연장,"한국장례문화진흥원 [04552] 서울특별시 중구 수표로 23 인농빌딩 7층, TEL : 1577-4129, FAX : 02-6919-",1475,
park-1430,분당소망교회 자연장지,자연장,"한국장례문화진흥원 [04552] 서울특별시 중구 수표로 23 인농빌딩 7층, TEL : 1577-4129, FAX : 02-6919-",1475,
park-1431,원각사 자연장지,자연장,"한국장례문화진흥원 [04552] 서울특별시 중구 수표로 23 인농빌딩 7층, TEL : 1577-4129, FAX : 02-6919-",1475,
park-1432,삼사교회 자연장지,자연장,"한국장례문화진흥원 [04552] 서울특별시 중구 수표로 23 인농빌딩 7층, TEL : 1577-4129, FAX : 02-6919-",1475,
park-1433,(재)신세계공원묘원(자연장지),자연장,"한국장례문화진흥원 [04552] 서울특별시 중구 수표로 23 인농빌딩 7층, TEL : 1577-4129, FAX : 02-6919-",1475,
park-1434,대한예수교장로회 금호교회 자연장지,자연장,"한국장례문화진흥원 [04552] 서울특별시 중구 수표로 23 인농빌딩 7층, TEL : 1577-4129, FAX : 02-6919-",1475,
park-1435,함양공설자연장지,자연장,"한국장례문화진흥원 [04552] 서울특별시 중구 수표로 23 인농빌딩 7층, TEL : 1577-4129, FAX : 02-6919-",1475,
park-1436,석화사 자연장지,자연장,"한국장례문화진흥원 [04552] 서울특별시 중구 수표로 23 인농빌딩 7층, TEL : 1577-4129, FAX : 02-6919-",1475,